lon,lat,next_t_ecl
-124,25,-999999
-123.5,25,NA
-123,25,-999999
-122.5,25,NA
-122,25,-999999
-121.5,25,NA
-121,25,-999999
-120.5,25,NA
-120,25,-999999
-119.5,25,NA
-119,25,-999999
-118.5,25,NA
-118,25,-999999
-117.5,25,NA
-117,25,-999999
-116.5,25,NA
-116,25,-999999
-115.5,25,NA
-115,25,-999999
-114.5,25,NA
-114,25,-999999
-113.5,25,NA
-113,25,-999999
-112.5,25,NA
-112,25,-999999
-111.5,25,NA
-111,25,-999999
-110.5,25,NA
-110,25,-999999
-109.5,25,NA
-109,25,-999999
-108.5,25,NA
-108,25,-999999
-107.5,25,NA
-107,25,-999999
-106.5,25,NA
-106,25,-999999
-105.5,25,NA
-105,25,-999999
-104.5,25,NA
-104,25,-999999
-103.5,25,NA
-103,25,-999999
-102.5,25,NA
-102,25,-999999
-101.5,25,NA
-101,25,-999999
-100.5,25,NA
-100,25,-999999
-99.5,25,NA
-99,25,-999999
-98.5,25,NA
-98,25,-999999
-97.5,25,NA
-97,25,-999999
-96.5,25,NA
-96,25,-999999
-95.5,25,NA
-95,25,-999999
-94.5,25,NA
-94,25,-999999
-93.5,25,NA
-93,25,-999999
-92.5,25,NA
-92,25,-999999
-91.5,25,NA
-91,25,-999999
-90.5,25,NA
-90,25,-999999
-89.5,25,NA
-89,25,-999999
-88.5,25,NA
-88,25,-999999
-87.5,25,NA
-87,25,98668
-86.5,25,NA
-86,25,98668
-85.5,25,NA
-85,25,98668
-84.5,25,NA
-84,25,98668
-83.5,25,NA
-83,25,98668
-82.5,25,NA
-82,25,98668
-81.5,25,NA
-81,25,98668
-80.5,25,NA
-80,25,-999999
-79.5,25,NA
-79,25,-999999
-78.5,25,NA
-78,25,-999999
-77.5,25,NA
-77,25,-999999
-76.5,25,NA
-76,25,-999999
-75.5,25,NA
-75,25,-999999
-74.5,25,NA
-74,25,-999999
-73.5,25,NA
-73,25,-999999
-72.5,25,NA
-72,25,-999999
-71.5,25,NA
-71,25,-999999
-70.5,25,NA
-70,25,-999999
-69.5,25,NA
-69,25,-999999
-68.5,25,NA
-68,25,-999999
-67.5,25,NA
-67,25,-999999
-124,25.5,NA
-123.5,25.5,NA
-123,25.5,NA
-122.5,25.5,NA
-122,25.5,NA
-121.5,25.5,NA
-121,25.5,NA
-120.5,25.5,NA
-120,25.5,NA
-119.5,25.5,NA
-119,25.5,NA
-118.5,25.5,NA
-118,25.5,NA
-117.5,25.5,NA
-117,25.5,NA
-116.5,25.5,NA
-116,25.5,NA
-115.5,25.5,NA
-115,25.5,NA
-114.5,25.5,NA
-114,25.5,NA
-113.5,25.5,NA
-113,25.5,NA
-112.5,25.5,NA
-112,25.5,NA
-111.5,25.5,NA
-111,25.5,NA
-110.5,25.5,NA
-110,25.5,NA
-109.5,25.5,NA
-109,25.5,NA
-108.5,25.5,NA
-108,25.5,NA
-107.5,25.5,NA
-107,25.5,NA
-106.5,25.5,NA
-106,25.5,NA
-105.5,25.5,NA
-105,25.5,NA
-104.5,25.5,NA
-104,25.5,NA
-103.5,25.5,NA
-103,25.5,NA
-102.5,25.5,NA
-102,25.5,NA
-101.5,25.5,NA
-101,25.5,NA
-100.5,25.5,NA
-100,25.5,NA
-99.5,25.5,NA
-99,25.5,NA
-98.5,25.5,NA
-98,25.5,NA
-97.5,25.5,NA
-97,25.5,NA
-96.5,25.5,NA
-96,25.5,NA
-95.5,25.5,NA
-95,25.5,NA
-94.5,25.5,NA
-94,25.5,NA
-93.5,25.5,NA
-93,25.5,NA
-92.5,25.5,NA
-92,25.5,NA
-91.5,25.5,NA
-91,25.5,NA
-90.5,25.5,NA
-90,25.5,NA
-89.5,25.5,NA
-89,25.5,NA
-88.5,25.5,NA
-88,25.5,NA
-87.5,25.5,NA
-87,25.5,NA
-86.5,25.5,NA
-86,25.5,NA
-85.5,25.5,NA
-85,25.5,NA
-84.5,25.5,NA
-84,25.5,NA
-83.5,25.5,NA
-83,25.5,NA
-82.5,25.5,NA
-82,25.5,NA
-81.5,25.5,NA
-81,25.5,NA
-80.5,25.5,NA
-80,25.5,NA
-79.5,25.5,NA
-79,25.5,NA
-78.5,25.5,NA
-78,25.5,NA
-77.5,25.5,NA
-77,25.5,NA
-76.5,25.5,NA
-76,25.5,NA
-75.5,25.5,NA
-75,25.5,NA
-74.5,25.5,NA
-74,25.5,NA
-73.5,25.5,NA
-73,25.5,NA
-72.5,25.5,NA
-72,25.5,NA
-71.5,25.5,NA
-71,25.5,NA
-70.5,25.5,NA
-70,25.5,NA
-69.5,25.5,NA
-69,25.5,NA
-68.5,25.5,NA
-68,25.5,NA
-67.5,25.5,NA
-67,25.5,NA
-124,26,-999999
-123.5,26,NA
-123,26,-999999
-122.5,26,NA
-122,26,-999999
-121.5,26,NA
-121,26,-999999
-120.5,26,NA
-120,26,-999999
-119.5,26,NA
-119,26,-999999
-118.5,26,NA
-118,26,-999999
-117.5,26,NA
-117,26,-999999
-116.5,26,NA
-116,26,-999999
-115.5,26,NA
-115,26,-999999
-114.5,26,NA
-114,26,-999999
-113.5,26,NA
-113,26,-999999
-112.5,26,NA
-112,26,-999999
-111.5,26,NA
-111,26,-999999
-110.5,26,NA
-110,26,-999999
-109.5,26,NA
-109,26,-999999
-108.5,26,NA
-108,26,-999999
-107.5,26,NA
-107,26,-999999
-106.5,26,NA
-106,26,59156
-105.5,26,NA
-105,26,31426
-104.5,26,NA
-104,26,19821
-103.5,26,NA
-103,26,19821
-102.5,26,NA
-102,26,31426
-101.5,26,NA
-101,26,37155
-100.5,26,NA
-100,26,37155
-99.5,26,NA
-99,26,37155
-98.5,26,NA
-98,26,39577
-97.5,26,NA
-97,26,30039
-96.5,26,NA
-96,26,30039
-95.5,26,NA
-95,26,30039
-94.5,26,NA
-94,26,81687
-93.5,26,NA
-93,26,-999999
-92.5,26,NA
-92,26,-999999
-91.5,26,NA
-91,26,-999999
-90.5,26,NA
-90,26,-999999
-89.5,26,NA
-89,26,-999999
-88.5,26,NA
-88,26,-999999
-87.5,26,NA
-87,26,106641
-86.5,26,NA
-86,26,106641
-85.5,26,NA
-85,26,98668
-84.5,26,NA
-84,26,83076
-83.5,26,NA
-83,26,83076
-82.5,26,NA
-82,26,98668
-81.5,26,NA
-81,26,98668
-80.5,26,NA
-80,26,-999999
-79.5,26,NA
-79,26,-999999
-78.5,26,NA
-78,26,-999999
-77.5,26,NA
-77,26,-999999
-76.5,26,NA
-76,26,-999999
-75.5,26,NA
-75,26,-999999
-74.5,26,NA
-74,26,-999999
-73.5,26,NA
-73,26,-999999
-72.5,26,NA
-72,26,-999999
-71.5,26,NA
-71,26,-999999
-70.5,26,NA
-70,26,-999999
-69.5,26,NA
-69,26,-999999
-68.5,26,NA
-68,26,-999999
-67.5,26,NA
-67,26,-999999
-124,26.5,NA
-123.5,26.5,NA
-123,26.5,NA
-122.5,26.5,NA
-122,26.5,NA
-121.5,26.5,NA
-121,26.5,NA
-120.5,26.5,NA
-120,26.5,NA
-119.5,26.5,NA
-119,26.5,NA
-118.5,26.5,NA
-118,26.5,NA
-117.5,26.5,NA
-117,26.5,NA
-116.5,26.5,NA
-116,26.5,NA
-115.5,26.5,NA
-115,26.5,NA
-114.5,26.5,NA
-114,26.5,NA
-113.5,26.5,NA
-113,26.5,NA
-112.5,26.5,NA
-112,26.5,NA
-111.5,26.5,NA
-111,26.5,NA
-110.5,26.5,NA
-110,26.5,NA
-109.5,26.5,NA
-109,26.5,NA
-108.5,26.5,NA
-108,26.5,NA
-107.5,26.5,NA
-107,26.5,NA
-106.5,26.5,NA
-106,26.5,NA
-105.5,26.5,NA
-105,26.5,NA
-104.5,26.5,NA
-104,26.5,NA
-103.5,26.5,NA
-103,26.5,NA
-102.5,26.5,NA
-102,26.5,NA
-101.5,26.5,NA
-101,26.5,NA
-100.5,26.5,NA
-100,26.5,NA
-99.5,26.5,NA
-99,26.5,NA
-98.5,26.5,NA
-98,26.5,NA
-97.5,26.5,NA
-97,26.5,NA
-96.5,26.5,NA
-96,26.5,NA
-95.5,26.5,NA
-95,26.5,NA
-94.5,26.5,NA
-94,26.5,NA
-93.5,26.5,NA
-93,26.5,NA
-92.5,26.5,NA
-92,26.5,NA
-91.5,26.5,NA
-91,26.5,NA
-90.5,26.5,NA
-90,26.5,NA
-89.5,26.5,NA
-89,26.5,NA
-88.5,26.5,NA
-88,26.5,NA
-87.5,26.5,NA
-87,26.5,NA
-86.5,26.5,NA
-86,26.5,NA
-85.5,26.5,NA
-85,26.5,NA
-84.5,26.5,NA
-84,26.5,NA
-83.5,26.5,NA
-83,26.5,NA
-82.5,26.5,NA
-82,26.5,NA
-81.5,26.5,NA
-81,26.5,NA
-80.5,26.5,NA
-80,26.5,NA
-79.5,26.5,NA
-79,26.5,NA
-78.5,26.5,NA
-78,26.5,NA
-77.5,26.5,NA
-77,26.5,NA
-76.5,26.5,NA
-76,26.5,NA
-75.5,26.5,NA
-75,26.5,NA
-74.5,26.5,NA
-74,26.5,NA
-73.5,26.5,NA
-73,26.5,NA
-72.5,26.5,NA
-72,26.5,NA
-71.5,26.5,NA
-71,26.5,NA
-70.5,26.5,NA
-70,26.5,NA
-69.5,26.5,NA
-69,26.5,NA
-68.5,26.5,NA
-68,26.5,NA
-67.5,26.5,NA
-67,26.5,NA
-124,27,-999999
-123.5,27,NA
-123,27,-999999
-122.5,27,NA
-122,27,-999999
-121.5,27,NA
-121,27,-999999
-120.5,27,NA
-120,27,-999999
-119.5,27,NA
-119,27,-999999
-118.5,27,NA
-118,27,-999999
-117.5,27,NA
-117,27,-999999
-116.5,27,NA
-116,27,-999999
-115.5,27,NA
-115,27,-999999
-114.5,27,NA
-114,27,-999999
-113.5,27,NA
-113,27,-999999
-112.5,27,NA
-112,27,-999999
-111.5,27,NA
-111,27,-999999
-110.5,27,NA
-110,27,-999999
-109.5,27,NA
-109,27,-999999
-108.5,27,NA
-108,27,-999999
-107.5,27,NA
-107,27,-999999
-106.5,27,NA
-106,27,83607
-105.5,27,NA
-105,27,83607
-104.5,27,NA
-104,27,37155
-103.5,27,NA
-103,27,19821
-102.5,27,NA
-102,27,19821
-101.5,27,NA
-101,27,31426
-100.5,27,NA
-100,27,31426
-99.5,27,NA
-99,27,83076
-98.5,27,NA
-98,27,83076
-97.5,27,NA
-97,27,39577
-96.5,27,NA
-96,27,39577
-95.5,27,NA
-95,27,30039
-94.5,27,NA
-94,27,30039
-93.5,27,NA
-93,27,-999999
-92.5,27,NA
-92,27,-999999
-91.5,27,NA
-91,27,-999999
-90.5,27,NA
-90,27,-999999
-89.5,27,NA
-89,27,-999999
-88.5,27,NA
-88,27,-999999
-87.5,27,NA
-87,27,105785
-86.5,27,NA
-86,27,105785
-85.5,27,NA
-85,27,105785
-84.5,27,NA
-84,27,106641
-83.5,27,NA
-83,27,98668
-82.5,27,NA
-82,27,27617
-81.5,27,NA
-81,27,27617
-80.5,27,NA
-80,27,-999999
-79.5,27,NA
-79,27,-999999
-78.5,27,NA
-78,27,-999999
-77.5,27,NA
-77,27,-999999
-76.5,27,NA
-76,27,-999999
-75.5,27,NA
-75,27,-999999
-74.5,27,NA
-74,27,-999999
-73.5,27,NA
-73,27,-999999
-72.5,27,NA
-72,27,-999999
-71.5,27,NA
-71,27,-999999
-70.5,27,NA
-70,27,-999999
-69.5,27,NA
-69,27,-999999
-68.5,27,NA
-68,27,-999999
-67.5,27,NA
-67,27,-999999
-124,27.5,NA
-123.5,27.5,NA
-123,27.5,NA
-122.5,27.5,NA
-122,27.5,NA
-121.5,27.5,NA
-121,27.5,NA
-120.5,27.5,NA
-120,27.5,NA
-119.5,27.5,NA
-119,27.5,NA
-118.5,27.5,NA
-118,27.5,NA
-117.5,27.5,NA
-117,27.5,NA
-116.5,27.5,NA
-116,27.5,NA
-115.5,27.5,NA
-115,27.5,NA
-114.5,27.5,NA
-114,27.5,NA
-113.5,27.5,NA
-113,27.5,NA
-112.5,27.5,NA
-112,27.5,NA
-111.5,27.5,NA
-111,27.5,NA
-110.5,27.5,NA
-110,27.5,NA
-109.5,27.5,NA
-109,27.5,NA
-108.5,27.5,NA
-108,27.5,NA
-107.5,27.5,NA
-107,27.5,NA
-106.5,27.5,NA
-106,27.5,NA
-105.5,27.5,NA
-105,27.5,NA
-104.5,27.5,NA
-104,27.5,NA
-103.5,27.5,NA
-103,27.5,NA
-102.5,27.5,NA
-102,27.5,NA
-101.5,27.5,NA
-101,27.5,NA
-100.5,27.5,NA
-100,27.5,NA
-99.5,27.5,NA
-99,27.5,NA
-98.5,27.5,NA
-98,27.5,NA
-97.5,27.5,NA
-97,27.5,NA
-96.5,27.5,NA
-96,27.5,NA
-95.5,27.5,NA
-95,27.5,NA
-94.5,27.5,NA
-94,27.5,NA
-93.5,27.5,NA
-93,27.5,NA
-92.5,27.5,NA
-92,27.5,NA
-91.5,27.5,NA
-91,27.5,NA
-90.5,27.5,NA
-90,27.5,NA
-89.5,27.5,NA
-89,27.5,NA
-88.5,27.5,NA
-88,27.5,NA
-87.5,27.5,NA
-87,27.5,NA
-86.5,27.5,NA
-86,27.5,NA
-85.5,27.5,NA
-85,27.5,NA
-84.5,27.5,NA
-84,27.5,NA
-83.5,27.5,NA
-83,27.5,NA
-82.5,27.5,NA
-82,27.5,NA
-81.5,27.5,NA
-81,27.5,NA
-80.5,27.5,NA
-80,27.5,NA
-79.5,27.5,NA
-79,27.5,NA
-78.5,27.5,NA
-78,27.5,NA
-77.5,27.5,NA
-77,27.5,NA
-76.5,27.5,NA
-76,27.5,NA
-75.5,27.5,NA
-75,27.5,NA
-74.5,27.5,NA
-74,27.5,NA
-73.5,27.5,NA
-73,27.5,NA
-72.5,27.5,NA
-72,27.5,NA
-71.5,27.5,NA
-71,27.5,NA
-70.5,27.5,NA
-70,27.5,NA
-69.5,27.5,NA
-69,27.5,NA
-68.5,27.5,NA
-68,27.5,NA
-67.5,27.5,NA
-67,27.5,NA
-124,28,-999999
-123.5,28,NA
-123,28,-999999
-122.5,28,NA
-122,28,-999999
-121.5,28,NA
-121,28,-999999
-120.5,28,NA
-120,28,-999999
-119.5,28,NA
-119,28,-999999
-118.5,28,NA
-118,28,-999999
-117.5,28,NA
-117,28,-999999
-116.5,28,NA
-116,28,-999999
-115.5,28,NA
-115,28,-999999
-114.5,28,NA
-114,28,-999999
-113.5,28,NA
-113,28,-999999
-112.5,28,NA
-112,28,-999999
-111.5,28,NA
-111,28,-999999
-110.5,28,NA
-110,28,-999999
-109.5,28,NA
-109,28,-999999
-108.5,28,NA
-108,28,-999999
-107.5,28,NA
-107,28,-999999
-106.5,28,NA
-106,28,37155
-105.5,28,NA
-105,28,37155
-104.5,28,NA
-104,28,86885
-103.5,28,NA
-103,28,118424
-102.5,28,NA
-102,28,19821
-101.5,28,NA
-101,28,19821
-100.5,28,NA
-100,28,31426
-99.5,28,NA
-99,28,31426
-98.5,28,NA
-98,28,31426
-97.5,28,NA
-97,28,137677
-96.5,28,NA
-96,28,39577
-95.5,28,NA
-95,28,39400
-94.5,28,NA
-94,28,39400
-93.5,28,NA
-93,28,-999999
-92.5,28,NA
-92,28,-999999
-91.5,28,NA
-91,28,-999999
-90.5,28,NA
-90,28,-999999
-89.5,28,NA
-89,28,-999999
-88.5,28,NA
-88,28,-999999
-87.5,28,NA
-87,28,137146
-86.5,28,NA
-86,28,126928
-85.5,28,NA
-85,28,126928
-84.5,28,NA
-84,28,126928
-83.5,28,NA
-83,28,27617
-82.5,28,NA
-82,28,27617
-81.5,28,NA
-81,28,27617
-80.5,28,NA
-80,28,-999999
-79.5,28,NA
-79,28,-999999
-78.5,28,NA
-78,28,-999999
-77.5,28,NA
-77,28,-999999
-76.5,28,NA
-76,28,-999999
-75.5,28,NA
-75,28,-999999
-74.5,28,NA
-74,28,-999999
-73.5,28,NA
-73,28,-999999
-72.5,28,NA
-72,28,-999999
-71.5,28,NA
-71,28,-999999
-70.5,28,NA
-70,28,-999999
-69.5,28,NA
-69,28,-999999
-68.5,28,NA
-68,28,-999999
-67.5,28,NA
-67,28,-999999
-124,28.5,NA
-123.5,28.5,NA
-123,28.5,NA
-122.5,28.5,NA
-122,28.5,NA
-121.5,28.5,NA
-121,28.5,NA
-120.5,28.5,NA
-120,28.5,NA
-119.5,28.5,NA
-119,28.5,NA
-118.5,28.5,NA
-118,28.5,NA
-117.5,28.5,NA
-117,28.5,NA
-116.5,28.5,NA
-116,28.5,NA
-115.5,28.5,NA
-115,28.5,NA
-114.5,28.5,NA
-114,28.5,NA
-113.5,28.5,NA
-113,28.5,NA
-112.5,28.5,NA
-112,28.5,NA
-111.5,28.5,NA
-111,28.5,NA
-110.5,28.5,NA
-110,28.5,NA
-109.5,28.5,NA
-109,28.5,NA
-108.5,28.5,NA
-108,28.5,NA
-107.5,28.5,NA
-107,28.5,NA
-106.5,28.5,NA
-106,28.5,NA
-105.5,28.5,NA
-105,28.5,NA
-104.5,28.5,NA
-104,28.5,NA
-103.5,28.5,NA
-103,28.5,NA
-102.5,28.5,NA
-102,28.5,NA
-101.5,28.5,NA
-101,28.5,NA
-100.5,28.5,NA
-100,28.5,NA
-99.5,28.5,NA
-99,28.5,NA
-98.5,28.5,NA
-98,28.5,NA
-97.5,28.5,NA
-97,28.5,NA
-96.5,28.5,NA
-96,28.5,NA
-95.5,28.5,NA
-95,28.5,NA
-94.5,28.5,NA
-94,28.5,NA
-93.5,28.5,NA
-93,28.5,NA
-92.5,28.5,NA
-92,28.5,NA
-91.5,28.5,NA
-91,28.5,NA
-90.5,28.5,NA
-90,28.5,NA
-89.5,28.5,NA
-89,28.5,NA
-88.5,28.5,NA
-88,28.5,NA
-87.5,28.5,NA
-87,28.5,NA
-86.5,28.5,NA
-86,28.5,NA
-85.5,28.5,NA
-85,28.5,NA
-84.5,28.5,NA
-84,28.5,NA
-83.5,28.5,NA
-83,28.5,NA
-82.5,28.5,NA
-82,28.5,NA
-81.5,28.5,NA
-81,28.5,NA
-80.5,28.5,NA
-80,28.5,NA
-79.5,28.5,NA
-79,28.5,NA
-78.5,28.5,NA
-78,28.5,NA
-77.5,28.5,NA
-77,28.5,NA
-76.5,28.5,NA
-76,28.5,NA
-75.5,28.5,NA
-75,28.5,NA
-74.5,28.5,NA
-74,28.5,NA
-73.5,28.5,NA
-73,28.5,NA
-72.5,28.5,NA
-72,28.5,NA
-71.5,28.5,NA
-71,28.5,NA
-70.5,28.5,NA
-70,28.5,NA
-69.5,28.5,NA
-69,28.5,NA
-68.5,28.5,NA
-68,28.5,NA
-67.5,28.5,NA
-67,28.5,NA
-124,29,-999999
-123.5,29,NA
-123,29,-999999
-122.5,29,NA
-122,29,-999999
-121.5,29,NA
-121,29,-999999
-120.5,29,NA
-120,29,-999999
-119.5,29,NA
-119,29,-999999
-118.5,29,NA
-118,29,-999999
-117.5,29,NA
-117,29,-999999
-116.5,29,NA
-116,29,-999999
-115.5,29,NA
-115,29,-999999
-114.5,29,NA
-114,29,-999999
-113.5,29,NA
-113,29,-999999
-112.5,29,NA
-112,29,-999999
-111.5,29,NA
-111,29,-999999
-110.5,29,NA
-110,29,-999999
-109.5,29,NA
-109,29,-999999
-108.5,29,NA
-108,29,-999999
-107.5,29,NA
-107,29,-999999
-106.5,29,NA
-106,29,86885
-105.5,29,NA
-105,29,118424
-104.5,29,NA
-104,29,118424
-103.5,29,NA
-103,29,118424
-102.5,29,NA
-102,29,118424
-101.5,29,NA
-101,29,19821
-100.5,29,NA
-100,29,19821
-99.5,29,NA
-99,29,118424
-98.5,29,NA
-98,29,84109
-97.5,29,NA
-97,29,39400
-96.5,29,NA
-96,29,39400
-95.5,29,NA
-95,29,39400
-94.5,29,NA
-94,29,39400
-93.5,29,NA
-93,29,39577
-92.5,29,NA
-92,29,39577
-91.5,29,NA
-91,29,30039
-90.5,29,NA
-90,29,30039
-89.5,29,NA
-89,29,30039
-88.5,29,NA
-88,29,-999999
-87.5,29,NA
-87,29,83607
-86.5,29,NA
-86,29,83607
-85.5,29,NA
-85,29,83607
-84.5,29,NA
-84,29,27617
-83.5,29,NA
-83,29,27617
-82.5,29,NA
-82,29,27617
-81.5,29,NA
-81,29,27617
-80.5,29,NA
-80,29,-999999
-79.5,29,NA
-79,29,-999999
-78.5,29,NA
-78,29,-999999
-77.5,29,NA
-77,29,-999999
-76.5,29,NA
-76,29,-999999
-75.5,29,NA
-75,29,-999999
-74.5,29,NA
-74,29,-999999
-73.5,29,NA
-73,29,-999999
-72.5,29,NA
-72,29,-999999
-71.5,29,NA
-71,29,-999999
-70.5,29,NA
-70,29,-999999
-69.5,29,NA
-69,29,-999999
-68.5,29,NA
-68,29,-999999
-67.5,29,NA
-67,29,-999999
-124,29.5,NA
-123.5,29.5,NA
-123,29.5,NA
-122.5,29.5,NA
-122,29.5,NA
-121.5,29.5,NA
-121,29.5,NA
-120.5,29.5,NA
-120,29.5,NA
-119.5,29.5,NA
-119,29.5,NA
-118.5,29.5,NA
-118,29.5,NA
-117.5,29.5,NA
-117,29.5,NA
-116.5,29.5,NA
-116,29.5,NA
-115.5,29.5,NA
-115,29.5,NA
-114.5,29.5,NA
-114,29.5,NA
-113.5,29.5,NA
-113,29.5,NA
-112.5,29.5,NA
-112,29.5,NA
-111.5,29.5,NA
-111,29.5,NA
-110.5,29.5,NA
-110,29.5,NA
-109.5,29.5,NA
-109,29.5,NA
-108.5,29.5,NA
-108,29.5,NA
-107.5,29.5,NA
-107,29.5,NA
-106.5,29.5,NA
-106,29.5,NA
-105.5,29.5,NA
-105,29.5,NA
-104.5,29.5,NA
-104,29.5,NA
-103.5,29.5,NA
-103,29.5,NA
-102.5,29.5,NA
-102,29.5,NA
-101.5,29.5,NA
-101,29.5,NA
-100.5,29.5,NA
-100,29.5,NA
-99.5,29.5,NA
-99,29.5,NA
-98.5,29.5,NA
-98,29.5,NA
-97.5,29.5,NA
-97,29.5,NA
-96.5,29.5,NA
-96,29.5,NA
-95.5,29.5,NA
-95,29.5,NA
-94.5,29.5,NA
-94,29.5,NA
-93.5,29.5,NA
-93,29.5,NA
-92.5,29.5,NA
-92,29.5,NA
-91.5,29.5,NA
-91,29.5,NA
-90.5,29.5,NA
-90,29.5,NA
-89.5,29.5,NA
-89,29.5,NA
-88.5,29.5,NA
-88,29.5,NA
-87.5,29.5,NA
-87,29.5,NA
-86.5,29.5,NA
-86,29.5,NA
-85.5,29.5,NA
-85,29.5,NA
-84.5,29.5,NA
-84,29.5,NA
-83.5,29.5,NA
-83,29.5,NA
-82.5,29.5,NA
-82,29.5,NA
-81.5,29.5,NA
-81,29.5,NA
-80.5,29.5,NA
-80,29.5,NA
-79.5,29.5,NA
-79,29.5,NA
-78.5,29.5,NA
-78,29.5,NA
-77.5,29.5,NA
-77,29.5,NA
-76.5,29.5,NA
-76,29.5,NA
-75.5,29.5,NA
-75,29.5,NA
-74.5,29.5,NA
-74,29.5,NA
-73.5,29.5,NA
-73,29.5,NA
-72.5,29.5,NA
-72,29.5,NA
-71.5,29.5,NA
-71,29.5,NA
-70.5,29.5,NA
-70,29.5,NA
-69.5,29.5,NA
-69,29.5,NA
-68.5,29.5,NA
-68,29.5,NA
-67.5,29.5,NA
-67,29.5,NA
-124,30,-999999
-123.5,30,NA
-123,30,-999999
-122.5,30,NA
-122,30,-999999
-121.5,30,NA
-121,30,-999999
-120.5,30,NA
-120,30,-999999
-119.5,30,NA
-119,30,-999999
-118.5,30,NA
-118,30,-999999
-117.5,30,NA
-117,30,-999999
-116.5,30,NA
-116,30,-999999
-115.5,30,NA
-115,30,-999999
-114.5,30,NA
-114,30,-999999
-113.5,30,NA
-113,30,-999999
-112.5,30,NA
-112,30,-999999
-111.5,30,NA
-111,30,-999999
-110.5,30,NA
-110,30,-999999
-109.5,30,NA
-109,30,-999999
-108.5,30,NA
-108,30,-999999
-107.5,30,NA
-107,30,-999999
-106.5,30,NA
-106,30,118424
-105.5,30,NA
-105,30,118424
-104.5,30,NA
-104,30,118424
-103.5,30,NA
-103,30,118424
-102.5,30,NA
-102,30,118424
-101.5,30,NA
-101,30,118424
-100.5,30,NA
-100,30,19821
-99.5,30,NA
-99,30,19821
-98.5,30,NA
-98,30,19821
-97.5,30,NA
-97,30,39400
-96.5,30,NA
-96,30,39400
-95.5,30,NA
-95,30,39400
-94.5,30,NA
-94,30,98165
-93.5,30,NA
-93,30,39577
-92.5,30,NA
-92,30,39577
-91.5,30,NA
-91,30,39577
-90.5,30,NA
-90,30,39577
-89.5,30,NA
-89,30,39577
-88.5,30,NA
-88,30,-999999
-87.5,30,NA
-87,30,30039
-86.5,30,NA
-86,30,27617
-85.5,30,NA
-85,30,27617
-84.5,30,NA
-84,30,27617
-83.5,30,NA
-83,30,27617
-82.5,30,NA
-82,30,83607
-81.5,30,NA
-81,30,98165
-80.5,30,NA
-80,30,-999999
-79.5,30,NA
-79,30,-999999
-78.5,30,NA
-78,30,-999999
-77.5,30,NA
-77,30,-999999
-76.5,30,NA
-76,30,-999999
-75.5,30,NA
-75,30,-999999
-74.5,30,NA
-74,30,-999999
-73.5,30,NA
-73,30,-999999
-72.5,30,NA
-72,30,-999999
-71.5,30,NA
-71,30,-999999
-70.5,30,NA
-70,30,-999999
-69.5,30,NA
-69,30,-999999
-68.5,30,NA
-68,30,-999999
-67.5,30,NA
-67,30,-999999
-124,30.5,NA
-123.5,30.5,NA
-123,30.5,NA
-122.5,30.5,NA
-122,30.5,NA
-121.5,30.5,NA
-121,30.5,NA
-120.5,30.5,NA
-120,30.5,NA
-119.5,30.5,NA
-119,30.5,NA
-118.5,30.5,NA
-118,30.5,NA
-117.5,30.5,NA
-117,30.5,NA
-116.5,30.5,NA
-116,30.5,NA
-115.5,30.5,NA
-115,30.5,NA
-114.5,30.5,NA
-114,30.5,NA
-113.5,30.5,NA
-113,30.5,NA
-112.5,30.5,NA
-112,30.5,NA
-111.5,30.5,NA
-111,30.5,NA
-110.5,30.5,NA
-110,30.5,NA
-109.5,30.5,NA
-109,30.5,NA
-108.5,30.5,NA
-108,30.5,NA
-107.5,30.5,NA
-107,30.5,NA
-106.5,30.5,NA
-106,30.5,NA
-105.5,30.5,NA
-105,30.5,NA
-104.5,30.5,NA
-104,30.5,NA
-103.5,30.5,NA
-103,30.5,NA
-102.5,30.5,NA
-102,30.5,NA
-101.5,30.5,NA
-101,30.5,NA
-100.5,30.5,NA
-100,30.5,NA
-99.5,30.5,NA
-99,30.5,NA
-98.5,30.5,NA
-98,30.5,NA
-97.5,30.5,NA
-97,30.5,NA
-96.5,30.5,NA
-96,30.5,NA
-95.5,30.5,NA
-95,30.5,NA
-94.5,30.5,NA
-94,30.5,NA
-93.5,30.5,NA
-93,30.5,NA
-92.5,30.5,NA
-92,30.5,NA
-91.5,30.5,NA
-91,30.5,NA
-90.5,30.5,NA
-90,30.5,NA
-89.5,30.5,NA
-89,30.5,NA
-88.5,30.5,NA
-88,30.5,NA
-87.5,30.5,NA
-87,30.5,NA
-86.5,30.5,NA
-86,30.5,NA
-85.5,30.5,NA
-85,30.5,NA
-84.5,30.5,NA
-84,30.5,NA
-83.5,30.5,NA
-83,30.5,NA
-82.5,30.5,NA
-82,30.5,NA
-81.5,30.5,NA
-81,30.5,NA
-80.5,30.5,NA
-80,30.5,NA
-79.5,30.5,NA
-79,30.5,NA
-78.5,30.5,NA
-78,30.5,NA
-77.5,30.5,NA
-77,30.5,NA
-76.5,30.5,NA
-76,30.5,NA
-75.5,30.5,NA
-75,30.5,NA
-74.5,30.5,NA
-74,30.5,NA
-73.5,30.5,NA
-73,30.5,NA
-72.5,30.5,NA
-72,30.5,NA
-71.5,30.5,NA
-71,30.5,NA
-70.5,30.5,NA
-70,30.5,NA
-69.5,30.5,NA
-69,30.5,NA
-68.5,30.5,NA
-68,30.5,NA
-67.5,30.5,NA
-67,30.5,NA
-124,31,-999999
-123.5,31,NA
-123,31,-999999
-122.5,31,NA
-122,31,-999999
-121.5,31,NA
-121,31,-999999
-120.5,31,NA
-120,31,-999999
-119.5,31,NA
-119,31,-999999
-118.5,31,NA
-118,31,-999999
-117.5,31,NA
-117,31,-999999
-116.5,31,NA
-116,31,-999999
-115.5,31,NA
-115,31,-999999
-114.5,31,NA
-114,31,-999999
-113.5,31,NA
-113,31,-999999
-112.5,31,NA
-112,31,-999999
-111.5,31,NA
-111,31,-999999
-110.5,31,NA
-110,31,-999999
-109.5,31,NA
-109,31,-999999
-108.5,31,NA
-108,31,-999999
-107.5,31,NA
-107,31,-999999
-106.5,31,NA
-106,31,71470
-105.5,31,NA
-105,31,71470
-104.5,31,NA
-104,31,71470
-103.5,31,NA
-103,31,71470
-102.5,31,NA
-102,31,71470
-101.5,31,NA
-101,31,71470
-100.5,31,NA
-100,31,98165
-99.5,31,NA
-99,31,19821
-98.5,31,NA
-98,31,19821
-97.5,31,NA
-97,31,19821
-96.5,31,NA
-96,31,39400
-95.5,31,NA
-95,31,98165
-94.5,31,NA
-94,31,84109
-93.5,31,NA
-93,31,98165
-92.5,31,NA
-92,31,98165
-91.5,31,NA
-91,31,39577
-90.5,31,NA
-90,31,39577
-89.5,31,NA
-89,31,39577
-88.5,31,39577
-88,31,27617
-87.5,31,27617
-87,31,27617
-86.5,31,27617
-86,31,27617
-85.5,31,27617
-85,31,27617
-84.5,31,27617
-84,31,27617
-83.5,31,30039
-83,31,30039
-82.5,31,30039
-82,31,30039
-81.5,31,83607
-81,31,83607
-80.5,31,83607
-80,31,-999999
-79.5,31,NA
-79,31,-999999
-78.5,31,NA
-78,31,-999999
-77.5,31,NA
-77,31,-999999
-76.5,31,NA
-76,31,-999999
-75.5,31,NA
-75,31,-999999
-74.5,31,NA
-74,31,-999999
-73.5,31,NA
-73,31,-999999
-72.5,31,NA
-72,31,-999999
-71.5,31,NA
-71,31,-999999
-70.5,31,NA
-70,31,-999999
-69.5,31,NA
-69,31,-999999
-68.5,31,NA
-68,31,-999999
-67.5,31,NA
-67,31,-999999
-124,31.5,NA
-123.5,31.5,NA
-123,31.5,NA
-122.5,31.5,NA
-122,31.5,NA
-121.5,31.5,NA
-121,31.5,NA
-120.5,31.5,NA
-120,31.5,NA
-119.5,31.5,NA
-119,31.5,NA
-118.5,31.5,NA
-118,31.5,NA
-117.5,31.5,NA
-117,31.5,NA
-116.5,31.5,NA
-116,31.5,NA
-115.5,31.5,NA
-115,31.5,NA
-114.5,31.5,212361
-114,31.5,310638
-113.5,31.5,310638
-113,31.5,317223
-112.5,31.5,109417
-112,31.5,109417
-111.5,31.5,109417
-111,31.5,100587
-110.5,31.5,86885
-110,31.5,86885
-109.5,31.5,86885
-109,31.5,71470
-108.5,31.5,71470
-108,31.5,71470
-107.5,31.5,71470
-107,31.5,71470
-106.5,31.5,71470
-106,31.5,71470
-105.5,31.5,71470
-105,31.5,71470
-104.5,31.5,71470
-104,31.5,71470
-103.5,31.5,71470
-103,31.5,19644
-102.5,31.5,19644
-102,31.5,19644
-101.5,31.5,19644
-101,31.5,19644
-100.5,31.5,19644
-100,31.5,39400
-99.5,31.5,39400
-99,31.5,19821
-98.5,31.5,19821
-98,31.5,19821
-97.5,31.5,19821
-97,31.5,19821
-96.5,31.5,19821
-96,31.5,71470
-95.5,31.5,71470
-95,31.5,71470
-94.5,31.5,71470
-94,31.5,71470
-93.5,31.5,71470
-93,31.5,84109
-92.5,31.5,84109
-92,31.5,98165
-91.5,31.5,98165
-91,31.5,98165
-90.5,31.5,98165
-90,31.5,39577
-89.5,31.5,39577
-89,31.5,27617
-88.5,31.5,27617
-88,31.5,27617
-87.5,31.5,27617
-87,31.5,27617
-86.5,31.5,27617
-86,31.5,27617
-85.5,31.5,27617
-85,31.5,27617
-84.5,31.5,27617
-84,31.5,30039
-83.5,31.5,30039
-83,31.5,30039
-82.5,31.5,30039
-82,31.5,30039
-81.5,31.5,30039
-81,31.5,30039
-80.5,31.5,NA
-80,31.5,NA
-79.5,31.5,NA
-79,31.5,NA
-78.5,31.5,NA
-78,31.5,NA
-77.5,31.5,NA
-77,31.5,NA
-76.5,31.5,NA
-76,31.5,NA
-75.5,31.5,NA
-75,31.5,NA
-74.5,31.5,NA
-74,31.5,NA
-73.5,31.5,NA
-73,31.5,NA
-72.5,31.5,NA
-72,31.5,NA
-71.5,31.5,NA
-71,31.5,NA
-70.5,31.5,NA
-70,31.5,NA
-69.5,31.5,NA
-69,31.5,NA
-68.5,31.5,NA
-68,31.5,NA
-67.5,31.5,NA
-67,31.5,NA
-124,32,-999999
-123.5,32,NA
-123,32,-999999
-122.5,32,NA
-122,32,-999999
-121.5,32,NA
-121,32,-999999
-120.5,32,NA
-120,32,-999999
-119.5,32,NA
-119,32,-999999
-118.5,32,NA
-118,32,-999999
-117.5,32,NA
-117,32,-999999
-116.5,32,NA
-116,32,-999999
-115.5,32,NA
-115,32,-999999
-114.5,32,212361
-114,32,212361
-113.5,32,165407
-113,32,109417
-112.5,32,109417
-112,32,109417
-111.5,32,165407
-111,32,86885
-110.5,32,86885
-110,32,86885
-109.5,32,86885
-109,32,71470
-108.5,32,71470
-108,32,71470
-107.5,32,71470
-107,32,71470
-106.5,32,71470
-106,32,71470
-105.5,32,71470
-105,32,71470
-104.5,32,71470
-104,32,71470
-103.5,32,19644
-103,32,19644
-102.5,32,19644
-102,32,19644
-101.5,32,19644
-101,32,19644
-100.5,32,39400
-100,32,39400
-99.5,32,39400
-99,32,39400
-98.5,32,19821
-98,32,19821
-97.5,32,19821
-97,32,19821
-96.5,32,19821
-96,32,19821
-95.5,32,71470
-95,32,71470
-94.5,32,71470
-94,32,71470
-93.5,32,71470
-93,32,71470
-92.5,32,71470
-92,32,71470
-91.5,32,71470
-91,32,71470
-90.5,32,71470
-90,32,27617
-89.5,32,27617
-89,32,27617
-88.5,32,27617
-88,32,27617
-87.5,32,27617
-87,32,27617
-86.5,32,27617
-86,32,27617
-85.5,32,27617
-85,32,39577
-84.5,32,39577
-84,32,71470
-83.5,32,30039
-83,32,30039
-82.5,32,30039
-82,32,30039
-81.5,32,30039
-81,32,30039
-80.5,32,NA
-80,32,-999999
-79.5,32,NA
-79,32,-999999
-78.5,32,NA
-78,32,-999999
-77.5,32,NA
-77,32,-999999
-76.5,32,NA
-76,32,-999999
-75.5,32,NA
-75,32,-999999
-74.5,32,NA
-74,32,-999999
-73.5,32,NA
-73,32,-999999
-72.5,32,NA
-72,32,-999999
-71.5,32,NA
-71,32,-999999
-70.5,32,NA
-70,32,-999999
-69.5,32,NA
-69,32,-999999
-68.5,32,NA
-68,32,-999999
-67.5,32,NA
-67,32,-999999
-124,32.5,NA
-123.5,32.5,NA
-123,32.5,NA
-122.5,32.5,NA
-122,32.5,NA
-121.5,32.5,NA
-121,32.5,NA
-120.5,32.5,NA
-120,32.5,NA
-119.5,32.5,NA
-119,32.5,NA
-118.5,32.5,NA
-118,32.5,NA
-117.5,32.5,NA
-117,32.5,NA
-116.5,32.5,NA
-116,32.5,NA
-115.5,32.5,NA
-115,32.5,NA
-114.5,32.5,86029
-114,32.5,86029
-113.5,32.5,109417
-113,32.5,109417
-112.5,32.5,109417
-112,32.5,165407
-111.5,32.5,86885
-111,32.5,86885
-110.5,32.5,86885
-110,32.5,86885
-109.5,32.5,100587
-109,32.5,71470
-108.5,32.5,71470
-108,32.5,71470
-107.5,32.5,71470
-107,32.5,71470
-106.5,32.5,71470
-106,32.5,71470
-105.5,32.5,71470
-105,32.5,71470
-104.5,32.5,71470
-104,32.5,19644
-103.5,32.5,19644
-103,32.5,19644
-102.5,32.5,19644
-102,32.5,19644
-101.5,32.5,19644
-101,32.5,39400
-100.5,32.5,39400
-100,32.5,39400
-99.5,32.5,39400
-99,32.5,39400
-98.5,32.5,39400
-98,32.5,39400
-97.5,32.5,19821
-97,32.5,19821
-96.5,32.5,19821
-96,32.5,19821
-95.5,32.5,19821
-95,32.5,19821
-94.5,32.5,71470
-94,32.5,71470
-93.5,32.5,71470
-93,32.5,71470
-92.5,32.5,71470
-92,32.5,71470
-91.5,32.5,71470
-91,32.5,27617
-90.5,32.5,27617
-90,32.5,27617
-89.5,32.5,27617
-89,32.5,27617
-88.5,32.5,27617
-88,32.5,27617
-87.5,32.5,27617
-87,32.5,27617
-86.5,32.5,27617
-86,32.5,39577
-85.5,32.5,39577
-85,32.5,39577
-84.5,32.5,39577
-84,32.5,39577
-83.5,32.5,39577
-83,32.5,71470
-82.5,32.5,71470
-82,32.5,71470
-81.5,32.5,30039
-81,32.5,30039
-80.5,32.5,30039
-80,32.5,30039
-79.5,32.5,17399
-79,32.5,17399
-78.5,32.5,NA
-78,32.5,NA
-77.5,32.5,NA
-77,32.5,NA
-76.5,32.5,NA
-76,32.5,NA
-75.5,32.5,NA
-75,32.5,NA
-74.5,32.5,NA
-74,32.5,NA
-73.5,32.5,NA
-73,32.5,NA
-72.5,32.5,NA
-72,32.5,NA
-71.5,32.5,NA
-71,32.5,NA
-70.5,32.5,NA
-70,32.5,NA
-69.5,32.5,NA
-69,32.5,NA
-68.5,32.5,NA
-68,32.5,NA
-67.5,32.5,NA
-67,32.5,NA
-124,33,49795
-123.5,33,59156
-123,33,59156
-122.5,33,55346
-122,33,55346
-121.5,33,55346
-121,33,55346
-120.5,33,55346
-120,33,55346
-119.5,33,55346
-119,33,55346
-118.5,33,59156
-118,33,59156
-117.5,33,59156
-117,33,67306
-116.5,33,67306
-116,33,67306
-115.5,33,67306
-115,33,67306
-114.5,33,67306
-114,33,86029
-113.5,33,86029
-113,33,86029
-112.5,33,86029
-112,33,86885
-111.5,33,86885
-111,33,86885
-110.5,33,86885
-110,33,165407
-109.5,33,301631
-109,33,100587
-108.5,33,100587
-108,33,102832
-107.5,33,98165
-107,33,98165
-106.5,33,98165
-106,33,71470
-105.5,33,71470
-105,33,19644
-104.5,33,19644
-104,33,19644
-103.5,33,19644
-103,33,19644
-102.5,33,19644
-102,33,19644
-101.5,33,39400
-101,33,39400
-100.5,33,39400
-100,33,39400
-99.5,33,39400
-99,33,39400
-98.5,33,39400
-98,33,71470
-97.5,33,71470
-97,33,19821
-96.5,33,19821
-96,33,19821
-95.5,33,19821
-95,33,19821
-94.5,33,19821
-94,33,71470
-93.5,33,71470
-93,33,71470
-92.5,33,71470
-92,33,27617
-91.5,33,27617
-91,33,27617
-90.5,33,27617
-90,33,27617
-89.5,33,27617
-89,33,27617
-88.5,33,27617
-88,33,27617
-87.5,33,27617
-87,33,27617
-86.5,33,39577
-86,33,39577
-85.5,33,39577
-85,33,39577
-84.5,33,39577
-84,33,39577
-83.5,33,39577
-83,33,39577
-82.5,33,39577
-82,33,39577
-81.5,33,67129
-81,33,67129
-80.5,33,17399
-80,33,17399
-79.5,33,17399
-79,33,17399
-78.5,33,NA
-78,33,-999999
-77.5,33,NA
-77,33,-999999
-76.5,33,NA
-76,33,-999999
-75.5,33,NA
-75,33,-999999
-74.5,33,NA
-74,33,-999999
-73.5,33,NA
-73,33,-999999
-72.5,33,NA
-72,33,-999999
-71.5,33,NA
-71,33,-999999
-70.5,33,NA
-70,33,-999999
-69.5,33,NA
-69,33,-999999
-68.5,33,NA
-68,33,-999999
-67.5,33,NA
-67,33,-999999
-124,33.5,49795
-123.5,33.5,49795
-123,33.5,49795
-122.5,33.5,59156
-122,33.5,59156
-121.5,33.5,59156
-121,33.5,55346
-120.5,33.5,55346
-120,33.5,55346
-119.5,33.5,55346
-119,33.5,55346
-118.5,33.5,55346
-118,33.5,55346
-117.5,33.5,55346
-117,33.5,67306
-116.5,33.5,67306
-116,33.5,67306
-115.5,33.5,67306
-115,33.5,67306
-114.5,33.5,67306
-114,33.5,67306
-113.5,33.5,67306
-113,33.5,86029
-112.5,33.5,86029
-112,33.5,86029
-111.5,33.5,86029
-111,33.5,86885
-110.5,33.5,212361
-110,33.5,212361
-109.5,33.5,259846
-109,33.5,98165
-108.5,33.5,98165
-108,33.5,98165
-107.5,33.5,98165
-107,33.5,98165
-106.5,33.5,98165
-106,33.5,98165
-105.5,33.5,19644
-105,33.5,19644
-104.5,33.5,19644
-104,33.5,19644
-103.5,33.5,19644
-103,33.5,19644
-102.5,33.5,39400
-102,33.5,39400
-101.5,33.5,39400
-101,33.5,39400
-100.5,33.5,39400
-100,33.5,39400
-99.5,33.5,39400
-99,33.5,71470
-98.5,33.5,71470
-98,33.5,71470
-97.5,33.5,71470
-97,33.5,71470
-96.5,33.5,19821
-96,33.5,19821
-95.5,33.5,19821
-95,33.5,19821
-94.5,33.5,19821
-94,33.5,19821
-93.5,33.5,71470
-93,33.5,27617
-92.5,33.5,27617
-92,33.5,27617
-91.5,33.5,27617
-91,33.5,27617
-90.5,33.5,27617
-90,33.5,27617
-89.5,33.5,27617
-89,33.5,27617
-88.5,33.5,27617
-88,33.5,27617
-87.5,33.5,71470
-87,33.5,71470
-86.5,33.5,71470
-86,33.5,39577
-85.5,33.5,39577
-85,33.5,39577
-84.5,33.5,39577
-84,33.5,39577
-83.5,33.5,39577
-83,33.5,39577
-82.5,33.5,39577
-82,33.5,39577
-81.5,33.5,17399
-81,33.5,17399
-80.5,33.5,17399
-80,33.5,17399
-79.5,33.5,17399
-79,33.5,71470
-78.5,33.5,NA
-78,33.5,NA
-77.5,33.5,NA
-77,33.5,NA
-76.5,33.5,NA
-76,33.5,NA
-75.5,33.5,NA
-75,33.5,NA
-74.5,33.5,NA
-74,33.5,NA
-73.5,33.5,NA
-73,33.5,NA
-72.5,33.5,NA
-72,33.5,NA
-71.5,33.5,NA
-71,33.5,NA
-70.5,33.5,NA
-70,33.5,NA
-69.5,33.5,NA
-69,33.5,NA
-68.5,33.5,NA
-68,33.5,NA
-67.5,33.5,NA
-67,33.5,NA
-124,34,49795
-123.5,34,49795
-123,34,49795
-122.5,34,49795
-122,34,59156
-121.5,34,59156
-121,34,59156
-120.5,34,59156
-120,34,59156
-119.5,34,55346
-119,34,55346
-118.5,34,55346
-118,34,55346
-117.5,34,55346
-117,34,55346
-116.5,34,55346
-116,34,55346
-115.5,34,67306
-115,34,67306
-114.5,34,67306
-114,34,67306
-113.5,34,67306
-113,34,67306
-112.5,34,67306
-112,34,67306
-111.5,34,86029
-111,34,86029
-110.5,34,86029
-110,34,86029
-109.5,34,98165
-109,34,98165
-108.5,34,98165
-108,34,98165
-107.5,34,98165
-107,34,98165
-106.5,34,19644
-106,34,19644
-105.5,34,19644
-105,34,19644
-104.5,34,19644
-104,34,19644
-103.5,34,19644
-103,34,39400
-102.5,34,39400
-102,34,39400
-101.5,34,39400
-101,34,39400
-100.5,34,39400
-100,34,39400
-99.5,34,108561
-99,34,108561
-98.5,34,108561
-98,34,108561
-97.5,34,108561
-97,34,108561
-96.5,34,108561
-96,34,19821
-95.5,34,19821
-95,34,19821
-94.5,34,19821
-94,34,19821
-93.5,34,19821
-93,34,27617
-92.5,34,27617
-92,34,27617
-91.5,34,27617
-91,34,27617
-90.5,34,27617
-90,34,27617
-89.5,34,27617
-89,34,27617
-88.5,34,71470
-88,34,71470
-87.5,34,71470
-87,34,71470
-86.5,34,71470
-86,34,71470
-85.5,34,71470
-85,34,39577
-84.5,34,39577
-84,34,39577
-83.5,34,39577
-83,34,39577
-82.5,34,17399
-82,34,17399
-81.5,34,17399
-81,34,17399
-80.5,34,17399
-80,34,39577
-79.5,34,39577
-79,34,155514
-78.5,34,155514
-78,34,155514
-77.5,34,155514
-77,34,161243
-76.5,34,30039
-76,34,30039
-75.5,34,30039
-75,34,-999999
-74.5,34,NA
-74,34,-999999
-73.5,34,NA
-73,34,-999999
-72.5,34,NA
-72,34,-999999
-71.5,34,NA
-71,34,-999999
-70.5,34,NA
-70,34,-999999
-69.5,34,NA
-69,34,-999999
-68.5,34,NA
-68,34,-999999
-67.5,34,NA
-67,34,-999999
-124,34.5,49795
-123.5,34.5,49795
-123,34.5,49795
-122.5,34.5,49795
-122,34.5,49795
-121.5,34.5,49795
-121,34.5,59156
-120.5,34.5,59156
-120,34.5,193136
-119.5,34.5,165407
-119,34.5,165407
-118.5,34.5,165407
-118,34.5,165407
-117.5,34.5,55346
-117,34.5,55346
-116.5,34.5,55346
-116,34.5,55346
-115.5,34.5,55346
-115,34.5,55346
-114.5,34.5,55346
-114,34.5,55346
-113.5,34.5,67306
-113,34.5,67306
-112.5,34.5,67306
-112,34.5,67306
-111.5,34.5,67306
-111,34.5,67306
-110.5,34.5,67306
-110,34.5,86029
-109.5,34.5,86029
-109,34.5,86029
-108.5,34.5,86029
-108,34.5,98165
-107.5,34.5,98165
-107,34.5,19644
-106.5,34.5,19644
-106,34.5,19644
-105.5,34.5,19644
-105,34.5,19644
-104.5,34.5,19644
-104,34.5,19644
-103.5,34.5,39400
-103,34.5,39400
-102.5,34.5,39400
-102,34.5,39400
-101.5,34.5,39400
-101,34.5,39400
-100.5,34.5,126928
-100,34.5,108561
-99.5,34.5,108561
-99,34.5,108561
-98.5,34.5,108561
-98,34.5,108561
-97.5,34.5,108561
-97,34.5,108561
-96.5,34.5,108561
-96,34.5,108561
-95.5,34.5,27617
-95,34.5,19821
-94.5,34.5,19821
-94,34.5,19821
-93.5,34.5,19821
-93,34.5,19821
-92.5,34.5,19821
-92,34.5,27617
-91.5,34.5,27617
-91,34.5,27617
-90.5,34.5,27617
-90,34.5,27617
-89.5,34.5,108561
-89,34.5,108561
-88.5,34.5,108561
-88,34.5,108561
-87.5,34.5,84109
-87,34.5,84109
-86.5,34.5,84109
-86,34.5,108561
-85.5,34.5,108561
-85,34.5,108561
-84.5,34.5,108561
-84,34.5,39577
-83.5,34.5,17399
-83,34.5,17399
-82.5,34.5,17399
-82,34.5,17399
-81.5,34.5,17399
-81,34.5,39577
-80.5,34.5,39577
-80,34.5,39577
-79.5,34.5,39577
-79,34.5,39577
-78.5,34.5,39577
-78,34.5,39577
-77.5,34.5,39577
-77,34.5,161243
-76.5,34.5,161243
-76,34.5,47373
-75.5,34.5,47373
-75,34.5,NA
-74.5,34.5,NA
-74,34.5,NA
-73.5,34.5,NA
-73,34.5,NA
-72.5,34.5,NA
-72,34.5,NA
-71.5,34.5,NA
-71,34.5,NA
-70.5,34.5,NA
-70,34.5,NA
-69.5,34.5,NA
-69,34.5,NA
-68.5,34.5,NA
-68,34.5,NA
-67.5,34.5,NA
-67,34.5,NA
-124,35,59156
-123.5,35,49795
-123,35,49795
-122.5,35,49795
-122,35,49795
-121.5,35,49795
-121,35,49795
-120.5,35,49795
-120,35,165407
-119.5,35,165407
-119,35,165407
-118.5,35,165407
-118,35,165407
-117.5,35,165407
-117,35,165407
-116.5,35,109417
-116,35,55346
-115.5,35,55346
-115,35,55346
-114.5,35,55346
-114,35,55346
-113.5,35,55346
-113,35,55346
-112.5,35,55346
-112,35,55346
-111.5,35,67306
-111,35,67306
-110.5,35,67306
-110,35,67306
-109.5,35,67306
-109,35,67306
-108.5,35,86029
-108,35,19644
-107.5,35,19644
-107,35,19644
-106.5,35,19644
-106,35,19644
-105.5,35,19644
-105,35,19644
-104.5,35,39400
-104,35,39400
-103.5,35,39400
-103,35,39400
-102.5,35,39400
-102,35,39400
-101.5,35,39400
-101,35,102832
-100.5,35,102832
-100,35,102832
-99.5,35,102832
-99,35,108561
-98.5,35,108561
-98,35,108561
-97.5,35,108561
-97,35,108561
-96.5,35,27617
-96,35,27617
-95.5,35,27617
-95,35,27617
-94.5,35,19821
-94,35,19821
-93.5,35,19821
-93,35,19821
-92.5,35,19821
-92,35,19821
-91.5,35,27617
-91,35,27617
-90.5,35,108561
-90,35,108561
-89.5,35,108561
-89,35,108561
-88.5,35,108561
-88,35,108561
-87.5,35,108561
-87,35,108561
-86.5,35,84109
-86,35,84109
-85.5,35,108561
-85,35,108561
-84.5,35,17399
-84,35,17399
-83.5,35,17399
-83,35,17399
-82.5,35,17399
-82,35,39577
-81.5,35,39577
-81,35,39577
-80.5,35,39577
-80,35,39577
-79.5,35,39577
-79,35,39577
-78.5,35,39577
-78,35,39577
-77.5,35,39577
-77,35,39577
-76.5,35,39577
-76,35,39577
-75.5,35,47373
-75,35,-999999
-74.5,35,NA
-74,35,-999999
-73.5,35,NA
-73,35,-999999
-72.5,35,NA
-72,35,-999999
-71.5,35,NA
-71,35,-999999
-70.5,35,NA
-70,35,-999999
-69.5,35,NA
-69,35,-999999
-68.5,35,NA
-68,35,-999999
-67.5,35,NA
-67,35,-999999
-124,35.5,59156
-123.5,35.5,59156
-123,35.5,59156
-122.5,35.5,49795
-122,35.5,49795
-121.5,35.5,49795
-121,35.5,49795
-120.5,35.5,49795
-120,35.5,49795
-119.5,35.5,49795
-119,35.5,165407
-118.5,35.5,165407
-118,35.5,165407
-117.5,35.5,109417
-117,35.5,109417
-116.5,35.5,109417
-116,35.5,109417
-115.5,35.5,86885
-115,35.5,86885
-114.5,35.5,86885
-114,35.5,55346
-113.5,35.5,55346
-113,35.5,55346
-112.5,35.5,55346
-112,35.5,55346
-111.5,35.5,55346
-111,35.5,55346
-110.5,35.5,55346
-110,35.5,55346
-109.5,35.5,67306
-109,35.5,67306
-108.5,35.5,19644
-108,35.5,19644
-107.5,35.5,19644
-107,35.5,19644
-106.5,35.5,19644
-106,35.5,19644
-105.5,35.5,19644
-105,35.5,39400
-104.5,35.5,39400
-104,35.5,39400
-103.5,35.5,39400
-103,35.5,39400
-102.5,35.5,39400
-102,35.5,72859
-101.5,35.5,72859
-101,35.5,72859
-100.5,35.5,102832
-100,35.5,102832
-99.5,35.5,102832
-99,35.5,102832
-98.5,35.5,102832
-98,35.5,27617
-97.5,35.5,27617
-97,35.5,27617
-96.5,35.5,27617
-96,35.5,27617
-95.5,35.5,27617
-95,35.5,27617
-94.5,35.5,27617
-94,35.5,19821
-93.5,35.5,19821
-93,35.5,19821
-92.5,35.5,19821
-92,35.5,19821
-91.5,35.5,19821
-91,35.5,19821
-90.5,35.5,108561
-90,35.5,108561
-89.5,35.5,108561
-89,35.5,108561
-88.5,35.5,108561
-88,35.5,108561
-87.5,35.5,108561
-87,35.5,108561
-86.5,35.5,108561
-86,35.5,84109
-85.5,35.5,17399
-85,35.5,17399
-84.5,35.5,17399
-84,35.5,17399
-83.5,35.5,17399
-83,35.5,67129
-82.5,35.5,67129
-82,35.5,67129
-81.5,35.5,108561
-81,35.5,39577
-80.5,35.5,39577
-80,35.5,39577
-79.5,35.5,39577
-79,35.5,39577
-78.5,35.5,39577
-78,35.5,39577
-77.5,35.5,39577
-77,35.5,39577
-76.5,35.5,39577
-76,35.5,39577
-75.5,35.5,39577
-75,35.5,NA
-74.5,35.5,NA
-74,35.5,NA
-73.5,35.5,NA
-73,35.5,NA
-72.5,35.5,NA
-72,35.5,NA
-71.5,35.5,NA
-71,35.5,NA
-70.5,35.5,NA
-70,35.5,NA
-69.5,35.5,NA
-69,35.5,NA
-68.5,35.5,NA
-68,35.5,NA
-67.5,35.5,NA
-67,35.5,NA
-124,36,59156
-123.5,36,164875
-123,36,164875
-122.5,36,156046
-122,36,156046
-121.5,36,49795
-121,36,49795
-120.5,36,49795
-120,36,49795
-119.5,36,49795
-119,36,49795
-118.5,36,49795
-118,36,49795
-117.5,36,109417
-117,36,109417
-116.5,36,86885
-116,36,86885
-115.5,36,86885
-115,36,86885
-114.5,36,86885
-114,36,98165
-113.5,36,98165
-113,36,98165
-112.5,36,98165
-112,36,55346
-111.5,36,55346
-111,36,55346
-110.5,36,55346
-110,36,55346
-109.5,36,19644
-109,36,19644
-108.5,36,19644
-108,36,19644
-107.5,36,19644
-107,36,19644
-106.5,36,19644
-106,36,39400
-105.5,36,39400
-105,36,39400
-104.5,36,39400
-104,36,39400
-103.5,36,39400
-103,36,39400
-102.5,36,72859
-102,36,72859
-101.5,36,72859
-101,36,72859
-100.5,36,72859
-100,36,102832
-99.5,36,27617
-99,36,27617
-98.5,36,27617
-98,36,27617
-97.5,36,27617
-97,36,27617
-96.5,36,27617
-96,36,27617
-95.5,36,27617
-95,36,27617
-94.5,36,27617
-94,36,27617
-93.5,36,27617
-93,36,19821
-92.5,36,19821
-92,36,19821
-91.5,36,19821
-91,36,19821
-90.5,36,19821
-90,36,108561
-89.5,36,108561
-89,36,108561
-88.5,36,108561
-88,36,108561
-87.5,36,108561
-87,36,108561
-86.5,36,17399
-86,36,17399
-85.5,36,17399
-85,36,17399
-84.5,36,17399
-84,36,67129
-83.5,36,67129
-83,36,67129
-82.5,36,67129
-82,36,108561
-81.5,36,108561
-81,36,108561
-80.5,36,108561
-80,36,108561
-79.5,36,39577
-79,36,39577
-78.5,36,39577
-78,36,39577
-77.5,36,39577
-77,36,39577
-76.5,36,39577
-76,36,39577
-75.5,36,39577
-75,36,-999999
-74.5,36,NA
-74,36,-999999
-73.5,36,NA
-73,36,-999999
-72.5,36,NA
-72,36,-999999
-71.5,36,NA
-71,36,-999999
-70.5,36,NA
-70,36,-999999
-69.5,36,NA
-69,36,-999999
-68.5,36,NA
-68,36,-999999
-67.5,36,NA
-67,36,-999999
-124,36.5,157433
-123.5,36.5,157433
-123,36.5,164875
-122.5,36.5,164875
-122,36.5,156046
-121.5,36.5,156046
-121,36.5,156046
-120.5,36.5,49795
-120,36.5,49795
-119.5,36.5,49795
-119,36.5,49795
-118.5,36.5,49795
-118,36.5,49795
-117.5,36.5,49795
-117,36.5,49795
-116.5,36.5,86885
-116,36.5,86885
-115.5,36.5,86885
-115,36.5,86885
-114.5,36.5,98165
-114,36.5,98165
-113.5,36.5,98165
-113,36.5,98165
-112.5,36.5,98165
-112,36.5,98165
-111.5,36.5,98165
-111,36.5,226919
-110.5,36.5,226919
-110,36.5,19644
-109.5,36.5,19644
-109,36.5,19644
-108.5,36.5,19644
-108,36.5,19644
-107.5,36.5,19644
-107,36.5,19644
-106.5,36.5,39400
-106,36.5,39400
-105.5,36.5,39400
-105,36.5,39400
-104.5,36.5,39400
-104,36.5,39400
-103.5,36.5,67306
-103,36.5,67306
-102.5,36.5,72859
-102,36.5,72859
-101.5,36.5,72859
-101,36.5,27617
-100.5,36.5,27617
-100,36.5,27617
-99.5,36.5,27617
-99,36.5,27617
-98.5,36.5,27617
-98,36.5,27617
-97.5,36.5,27617
-97,36.5,27617
-96.5,36.5,27617
-96,36.5,27617
-95.5,36.5,27617
-95,36.5,27617
-94.5,36.5,27617
-94,36.5,108561
-93.5,36.5,108561
-93,36.5,108561
-92.5,36.5,19821
-92,36.5,19821
-91.5,36.5,19821
-91,36.5,19821
-90.5,36.5,19821
-90,36.5,19821
-89.5,36.5,19821
-89,36.5,108561
-88.5,36.5,108561
-88,36.5,108561
-87.5,36.5,17399
-87,36.5,17399
-86.5,36.5,17399
-86,36.5,17399
-85.5,36.5,17399
-85,36.5,67129
-84.5,36.5,67129
-84,36.5,67129
-83.5,36.5,67129
-83,36.5,67129
-82.5,36.5,108561
-82,36.5,108561
-81.5,36.5,108561
-81,36.5,108561
-80.5,36.5,108561
-80,36.5,108561
-79.5,36.5,108561
-79,36.5,47373
-78.5,36.5,47373
-78,36.5,39577
-77.5,36.5,39577
-77,36.5,39577
-76.5,36.5,39577
-76,36.5,39577
-75.5,36.5,39577
-75,36.5,NA
-74.5,36.5,NA
-74,36.5,NA
-73.5,36.5,NA
-73,36.5,NA
-72.5,36.5,NA
-72,36.5,NA
-71.5,36.5,NA
-71,36.5,NA
-70.5,36.5,NA
-70,36.5,NA
-69.5,36.5,NA
-69,36.5,NA
-68.5,36.5,NA
-68,36.5,NA
-67.5,36.5,NA
-67,36.5,NA
-124,37,103363
-123.5,37,103363
-123,37,157433
-122.5,37,157433
-122,37,156046
-121.5,37,156046
-121,37,156046
-120.5,37,156046
-120,37,156046
-119.5,37,49795
-119,37,49795
-118.5,37,49795
-118,37,49795
-117.5,37,49795
-117,37,49795
-116.5,37,49795
-116,37,49795
-115.5,37,98165
-115,37,98165
-114.5,37,98165
-114,37,98165
-113.5,37,98165
-113,37,98165
-112.5,37,226919
-112,37,226919
-111.5,37,226919
-111,37,19644
-110.5,37,19644
-110,37,19644
-109.5,37,19644
-109,37,19644
-108.5,37,19644
-108,37,19644
-107.5,37,39400
-107,37,39400
-106.5,37,39400
-106,37,39400
-105.5,37,39400
-105,37,39400
-104.5,37,55346
-104,37,55346
-103.5,37,55346
-103,37,27617
-102.5,37,27617
-102,37,27617
-101.5,37,27617
-101,37,27617
-100.5,37,27617
-100,37,27617
-99.5,37,27617
-99,37,27617
-98.5,37,27617
-98,37,27617
-97.5,37,27617
-97,37,27617
-96.5,37,27617
-96,37,27617
-95.5,37,102832
-95,37,102832
-94.5,37,102832
-94,37,102832
-93.5,37,102832
-93,37,136290
-92.5,37,136290
-92,37,19821
-91.5,37,19821
-91,37,19821
-90.5,37,19821
-90,37,19821
-89.5,37,19821
-89,37,17399
-88.5,37,17399
-88,37,17399
-87.5,37,17399
-87,37,17399
-86.5,37,17399
-86,37,67129
-85.5,37,67129
-85,37,67129
-84.5,37,67129
-84,37,67129
-83.5,37,67129
-83,37,84109
-82.5,37,84109
-82,37,84109
-81.5,37,108561
-81,37,108561
-80.5,37,108561
-80,37,108561
-79.5,37,47373
-79,37,47373
-78.5,37,47373
-78,37,47373
-77.5,37,47373
-77,37,47373
-76.5,37,47373
-76,37,39577
-75.5,37,39577
-75,37,-999999
-74.5,37,NA
-74,37,-999999
-73.5,37,NA
-73,37,-999999
-72.5,37,NA
-72,37,-999999
-71.5,37,NA
-71,37,-999999
-70.5,37,NA
-70,37,-999999
-69.5,37,NA
-69,37,-999999
-68.5,37,NA
-68,37,-999999
-67.5,37,NA
-67,37,-999999
-124,37.5,103363
-123.5,37.5,103363
-123,37.5,103363
-122.5,37.5,103363
-122,37.5,157433
-121.5,37.5,156046
-121,37.5,156046
-120.5,37.5,156046
-120,37.5,109417
-119.5,37.5,109417
-119,37.5,109417
-118.5,37.5,49795
-118,37.5,49795
-117.5,37.5,49795
-117,37.5,49795
-116.5,37.5,49795
-116,37.5,49795
-115.5,37.5,49795
-115,37.5,49795
-114.5,37.5,98165
-114,37.5,98165
-113.5,37.5,226919
-113,37.5,226919
-112.5,37.5,226919
-112,37.5,19644
-111.5,37.5,19644
-111,37.5,19644
-110.5,37.5,19644
-110,37.5,19644
-109.5,37.5,19644
-109,37.5,19644
-108.5,37.5,19644
-108,37.5,39400
-107.5,37.5,39400
-107,37.5,39400
-106.5,37.5,39400
-106,37.5,39400
-105.5,37.5,39400
-105,37.5,27617
-104.5,37.5,27617
-104,37.5,27617
-103.5,37.5,27617
-103,37.5,27617
-102.5,37.5,27617
-102,37.5,27617
-101.5,37.5,27617
-101,37.5,27617
-100.5,37.5,27617
-100,37.5,27617
-99.5,37.5,27617
-99,37.5,27617
-98.5,37.5,27617
-98,37.5,27617
-97.5,37.5,27617
-97,37.5,145651
-96.5,37.5,145651
-96,37.5,145651
-95.5,37.5,102832
-95,37.5,102832
-94.5,37.5,102832
-94,37.5,102832
-93.5,37.5,102832
-93,37.5,102832
-92.5,37.5,102832
-92,37.5,102832
-91.5,37.5,136290
-91,37.5,19821
-90.5,37.5,19821
-90,37.5,17399
-89.5,37.5,17399
-89,37.5,17399
-88.5,37.5,17399
-88,37.5,17399
-87.5,37.5,17399
-87,37.5,67129
-86.5,37.5,67129
-86,37.5,67129
-85.5,37.5,67129
-85,37.5,67129
-84.5,37.5,67129
-84,37.5,108561
-83.5,37.5,108561
-83,37.5,108561
-82.5,37.5,108561
-82,37.5,84109
-81.5,37.5,84109
-81,37.5,84109
-80.5,37.5,47373
-80,37.5,47373
-79.5,37.5,47373
-79,37.5,47373
-78.5,37.5,47373
-78,37.5,47373
-77.5,37.5,47373
-77,37.5,47373
-76.5,37.5,51714
-76,37.5,51714
-75.5,37.5,51714
-75,37.5,NA
-74.5,37.5,NA
-74,37.5,NA
-73.5,37.5,NA
-73,37.5,NA
-72.5,37.5,NA
-72,37.5,NA
-71.5,37.5,NA
-71,37.5,NA
-70.5,37.5,NA
-70,37.5,NA
-69.5,37.5,NA
-69,37.5,NA
-68.5,37.5,NA
-68,37.5,NA
-67.5,37.5,NA
-67,37.5,NA
-124,38,51183
-123.5,38,51183
-123,38,51183
-122.5,38,51183
-122,38,103363
-121.5,38,157433
-121,38,156046
-120.5,38,109417
-120,38,109417
-119.5,38,109417
-119,38,86885
-118.5,38,86885
-118,38,86885
-117.5,38,49795
-117,38,49795
-116.5,38,49795
-116,38,49795
-115.5,38,49795
-115,38,49795
-114.5,38,49795
-114,38,49795
-113.5,38,126928
-113,38,19644
-112.5,38,19644
-112,38,19644
-111.5,38,19644
-111,38,19644
-110.5,38,19644
-110,38,19644
-109.5,38,19644
-109,38,39400
-108.5,38,39400
-108,38,39400
-107.5,38,27617
-107,38,27617
-106.5,38,27617
-106,38,27617
-105.5,38,27617
-105,38,27617
-104.5,38,27617
-104,38,27617
-103.5,38,27617
-103,38,27617
-102.5,38,27617
-102,38,27617
-101.5,38,27617
-101,38,27617
-100.5,38,27617
-100,38,27617
-99.5,38,27617
-99,38,27617
-98.5,38,28651
-98,38,55346
-97.5,38,55346
-97,38,55346
-96.5,38,55346
-96,38,55346
-95.5,38,55346
-95,38,55346
-94.5,38,55346
-94,38,55346
-93.5,38,67306
-93,38,67306
-92.5,38,67306
-92,38,102832
-91.5,38,17399
-91,38,17399
-90.5,38,17399
-90,38,17399
-89.5,38,17399
-89,38,17399
-88.5,38,19821
-88,38,19821
-87.5,38,19821
-87,38,19821
-86.5,38,67129
-86,38,67129
-85.5,38,67129
-85,38,67129
-84.5,38,55346
-84,38,55346
-83.5,38,55346
-83,38,55346
-82.5,38,55346
-82,38,55346
-81.5,38,55346
-81,38,47373
-80.5,38,47373
-80,38,47373
-79.5,38,47373
-79,38,47373
-78.5,38,47373
-78,38,47373
-77.5,38,47373
-77,38,51714
-76.5,38,51714
-76,38,51714
-75.5,38,51714
-75,38,-999999
-74.5,38,NA
-74,38,-999999
-73.5,38,NA
-73,38,-999999
-72.5,38,NA
-72,38,-999999
-71.5,38,NA
-71,38,-999999
-70.5,38,NA
-70,38,-999999
-69.5,38,NA
-69,38,-999999
-68.5,38,NA
-68,38,-999999
-67.5,38,NA
-67,38,-999999
-124,38.5,165407
-123.5,38.5,51183
-123,38.5,51183
-122.5,38.5,51183
-122,38.5,51183
-121.5,38.5,51183
-121,38.5,51183
-120.5,38.5,51183
-120,38.5,86885
-119.5,38.5,86885
-119,38.5,86885
-118.5,38.5,86885
-118,38.5,86885
-117.5,38.5,98165
-117,38.5,98165
-116.5,38.5,49795
-116,38.5,49795
-115.5,38.5,49795
-115,38.5,49795
-114.5,38.5,49795
-114,38.5,19644
-113.5,38.5,19644
-113,38.5,19644
-112.5,38.5,19644
-112,38.5,19644
-111.5,38.5,19644
-111,38.5,19644
-110.5,38.5,19644
-110,38.5,27617
-109.5,38.5,27617
-109,38.5,27617
-108.5,38.5,27617
-108,38.5,27617
-107.5,38.5,27617
-107,38.5,27617
-106.5,38.5,27617
-106,38.5,27617
-105.5,38.5,27617
-105,38.5,27617
-104.5,38.5,27617
-104,38.5,27617
-103.5,38.5,27617
-103,38.5,27617
-102.5,38.5,27617
-102,38.5,27617
-101.5,38.5,27617
-101,38.5,27617
-100.5,38.5,27617
-100,38.5,28651
-99.5,38.5,28651
-99,38.5,28651
-98.5,38.5,28651
-98,38.5,28651
-97.5,38.5,28651
-97,38.5,55346
-96.5,38.5,55346
-96,38.5,55346
-95.5,38.5,55346
-95,38.5,55346
-94.5,38.5,55346
-94,38.5,55346
-93.5,38.5,55346
-93,38.5,55346
-92.5,38.5,17399
-92,38.5,17399
-91.5,38.5,17399
-91,38.5,17399
-90.5,38.5,17399
-90,38.5,17399
-89.5,38.5,19821
-89,38.5,19821
-88.5,38.5,19821
-88,38.5,19821
-87.5,38.5,19821
-87,38.5,19821
-86.5,38.5,19821
-86,38.5,45129
-85.5,38.5,55346
-85,38.5,55346
-84.5,38.5,55346
-84,38.5,55346
-83.5,38.5,55346
-83,38.5,55346
-82.5,38.5,55346
-82,38.5,47373
-81.5,38.5,47373
-81,38.5,47373
-80.5,38.5,47373
-80,38.5,47373
-79.5,38.5,47373
-79,38.5,47373
-78.5,38.5,47373
-78,38.5,51714
-77.5,38.5,51714
-77,38.5,51714
-76.5,38.5,51714
-76,38.5,51714
-75.5,38.5,51714
-75,38.5,NA
-74.5,38.5,NA
-74,38.5,NA
-73.5,38.5,NA
-73,38.5,NA
-72.5,38.5,NA
-72,38.5,NA
-71.5,38.5,NA
-71,38.5,NA
-70.5,38.5,NA
-70,38.5,NA
-69.5,38.5,NA
-69,38.5,NA
-68.5,38.5,NA
-68,38.5,NA
-67.5,38.5,NA
-67,38.5,NA
-124,39,103865
-123.5,39,165407
-123,39,293127
-122.5,39,103363
-122,39,103363
-121.5,39,51183
-121,39,51183
-120.5,39,51183
-120,39,51183
-119.5,39,51183
-119,39,51183
-118.5,39,51183
-118,39,98165
-117.5,39,98165
-117,39,98165
-116.5,39,126928
-116,39,126928
-115.5,39,49795
-115,39,19644
-114.5,39,19644
-114,39,19644
-113.5,39,19644
-113,39,19644
-112.5,39,19644
-112,39,19644
-111.5,39,19644
-111,39,19644
-110.5,39,27617
-110,39,27617
-109.5,39,27617
-109,39,27617
-108.5,39,27617
-108,39,27617
-107.5,39,27617
-107,39,27617
-106.5,39,27617
-106,39,27617
-105.5,39,27617
-105,39,27617
-104.5,39,27617
-104,39,27617
-103.5,39,27617
-103,39,27617
-102.5,39,27617
-102,39,28651
-101.5,39,28651
-101,39,28651
-100.5,39,28651
-100,39,28651
-99.5,39,28651
-99,39,28651
-98.5,39,28651
-98,39,28651
-97.5,39,28651
-97,39,28651
-96.5,39,28651
-96,39,67306
-95.5,39,67306
-95,39,67306
-94.5,39,67306
-94,39,17399
-93.5,39,17399
-93,39,17399
-92.5,39,17399
-92,39,17399
-91.5,39,17399
-91,39,67306
-90.5,39,67306
-90,39,67306
-89.5,39,45129
-89,39,45129
-88.5,39,19821
-88,39,19821
-87.5,39,19821
-87,39,19821
-86.5,39,19821
-86,39,19821
-85.5,39,19821
-85,39,45129
-84.5,39,67306
-84,39,67306
-83.5,39,67306
-83,39,67306
-82.5,39,47373
-82,39,47373
-81.5,39,47373
-81,39,47373
-80.5,39,47373
-80,39,47373
-79.5,39,47373
-79,39,47373
-78.5,39,51714
-78,39,51714
-77.5,39,51714
-77,39,51714
-76.5,39,51714
-76,39,51714
-75.5,39,67306
-75,39,39932
-74.5,39,39932
-74,39,39932
-73.5,39,NA
-73,39,-999999
-72.5,39,NA
-72,39,-999999
-71.5,39,NA
-71,39,-999999
-70.5,39,NA
-70,39,-999999
-69.5,39,NA
-69,39,-999999
-68.5,39,NA
-68,39,-999999
-67.5,39,NA
-67,39,-999999
-124,39.5,27617
-123.5,39.5,27617
-123,39.5,27617
-122.5,39.5,27617
-122,39.5,27617
-121.5,39.5,27617
-121,39.5,27617
-120.5,39.5,27617
-120,39.5,27617
-119.5,39.5,27617
-119,39.5,27617
-118.5,39.5,27617
-118,39.5,27617
-117.5,39.5,27617
-117,39.5,27617
-116.5,39.5,27617
-116,39.5,19644
-115.5,39.5,19644
-115,39.5,19644
-114.5,39.5,19644
-114,39.5,19644
-113.5,39.5,19644
-113,39.5,19644
-112.5,39.5,19644
-112,39.5,19644
-111.5,39.5,27617
-111,39.5,27617
-110.5,39.5,27617
-110,39.5,27617
-109.5,39.5,27617
-109,39.5,27617
-108.5,39.5,27617
-108,39.5,27617
-107.5,39.5,27617
-107,39.5,27617
-106.5,39.5,27617
-106,39.5,27617
-105.5,39.5,27617
-105,39.5,27617
-104.5,39.5,27617
-104,39.5,160711
-103.5,39.5,160711
-103,39.5,28651
-102.5,39.5,28651
-102,39.5,28651
-101.5,39.5,28651
-101,39.5,28651
-100.5,39.5,28651
-100,39.5,28651
-99.5,39.5,28651
-99,39.5,28651
-98.5,39.5,28651
-98,39.5,28651
-97.5,39.5,28651
-97,39.5,28651
-96.5,39.5,28651
-96,39.5,28651
-95.5,39.5,17399
-95,39.5,17399
-94.5,39.5,17399
-94,39.5,17399
-93.5,39.5,17399
-93,39.5,17399
-92.5,39.5,17399
-92,39.5,67306
-91.5,39.5,67306
-91,39.5,67306
-90.5,39.5,67306
-90,39.5,45129
-89.5,39.5,45129
-89,39.5,45129
-88.5,39.5,45129
-88,39.5,45129
-87.5,39.5,19821
-87,39.5,19821
-86.5,39.5,19821
-86,39.5,19821
-85.5,39.5,19821
-85,39.5,19821
-84.5,39.5,19821
-84,39.5,45129
-83.5,39.5,45129
-83,39.5,47373
-82.5,39.5,47373
-82,39.5,47373
-81.5,39.5,47373
-81,39.5,47373
-80.5,39.5,47373
-80,39.5,47373
-79.5,39.5,47373
-79,39.5,51714
-78.5,39.5,51714
-78,39.5,51714
-77.5,39.5,51714
-77,39.5,51714
-76.5,39.5,67306
-76,39.5,63851
-75.5,39.5,39932
-75,39.5,39932
-74.5,39.5,39932
-74,39.5,39932
-73.5,39.5,NA
-73,39.5,NA
-72.5,39.5,NA
-72,39.5,NA
-71.5,39.5,NA
-71,39.5,NA
-70.5,39.5,NA
-70,39.5,NA
-69.5,39.5,NA
-69,39.5,NA
-68.5,39.5,NA
-68,39.5,NA
-67.5,39.5,NA
-67,39.5,NA
-124,40,27617
-123.5,40,27617
-123,40,27617
-122.5,40,27617
-122,40,27617
-121.5,40,27617
-121,40,27617
-120.5,40,27617
-120,40,27617
-119.5,40,27617
-119,40,27617
-118.5,40,27617
-118,40,27617
-117.5,40,27617
-117,40,19644
-116.5,40,19644
-116,40,19644
-115.5,40,19644
-115,40,19644
-114.5,40,19644
-114,40,19644
-113.5,40,19644
-113,40,19644
-112.5,40,27617
-112,40,27617
-111.5,40,27617
-111,40,27617
-110.5,40,27617
-110,40,27617
-109.5,40,27617
-109,40,27617
-108.5,40,27617
-108,40,27617
-107.5,40,27617
-107,40,27617
-106.5,40,81687
-106,40,258812
-105.5,40,258812
-105,40,258812
-104.5,40,331250
-104,40,160711
-103.5,40,160711
-103,40,145651
-102.5,40,145651
-102,40,28651
-101.5,40,28651
-101,40,28651
-100.5,40,28651
-100,40,28651
-99.5,40,28651
-99,40,28651
-98.5,40,28651
-98,40,28651
-97.5,40,28651
-97,40,17399
-96.5,40,17399
-96,40,17399
-95.5,40,17399
-95,40,17399
-94.5,40,17399
-94,40,17399
-93.5,40,161243
-93,40,76137
-92.5,40,67306
-92,40,67306
-91.5,40,67306
-91,40,67306
-90.5,40,45129
-90,40,45129
-89.5,40,45129
-89,40,45129
-88.5,40,45129
-88,40,45129
-87.5,40,45129
-87,40,19821
-86.5,40,19821
-86,40,19821
-85.5,40,19821
-85,40,19821
-84.5,40,19821
-84,40,19821
-83.5,40,19821
-83,40,45129
-82.5,40,45129
-82,40,47373
-81.5,40,47373
-81,40,47373
-80.5,40,47373
-80,40,51714
-79.5,40,51714
-79,40,51714
-78.5,40,51714
-78,40,51714
-77.5,40,67306
-77,40,63851
-76.5,40,63851
-76,40,39932
-75.5,40,39932
-75,40,39932
-74.5,40,39932
-74,40,39932
-73.5,40,NA
-73,40,-999999
-72.5,40,NA
-72,40,-999999
-71.5,40,NA
-71,40,-999999
-70.5,40,NA
-70,40,-999999
-69.5,40,NA
-69,40,-999999
-68.5,40,NA
-68,40,-999999
-67.5,40,NA
-67,40,-999999
-124,40.5,27617
-123.5,40.5,27617
-123,40.5,27617
-122.5,40.5,27617
-122,40.5,27617
-121.5,40.5,27617
-121,40.5,27617
-120.5,40.5,27617
-120,40.5,27617
-119.5,40.5,27617
-119,40.5,27617
-118.5,40.5,27617
-118,40.5,19644
-117.5,40.5,19644
-117,40.5,19644
-116.5,40.5,19644
-116,40.5,19644
-115.5,40.5,19644
-115,40.5,19644
-114.5,40.5,19644
-114,40.5,19644
-113.5,40.5,27617
-113,40.5,27617
-112.5,40.5,27617
-112,40.5,27617
-111.5,40.5,27617
-111,40.5,27617
-110.5,40.5,27617
-110,40.5,27617
-109.5,40.5,49795
-109,40.5,49795
-108.5,40.5,49795
-108,40.5,49795
-107.5,40.5,81687
-107,40.5,81687
-106.5,40.5,138180
-106,40.5,138180
-105.5,40.5,138180
-105,40.5,258812
-104.5,40.5,258812
-104,40.5,145651
-103.5,40.5,145651
-103,40.5,145651
-102.5,40.5,145651
-102,40.5,145651
-101.5,40.5,145651
-101,40.5,28651
-100.5,40.5,28651
-100,40.5,28651
-99.5,40.5,28651
-99,40.5,28651
-98.5,40.5,17399
-98,40.5,17399
-97.5,40.5,17399
-97,40.5,17399
-96.5,40.5,17399
-96,40.5,17399
-95.5,40.5,17399
-95,40.5,28651
-94.5,40.5,28651
-94,40.5,28651
-93.5,40.5,28651
-93,40.5,76137
-92.5,40.5,76137
-92,40.5,76137
-91.5,40.5,76137
-91,40.5,67129
-90.5,40.5,67129
-90,40.5,67129
-89.5,40.5,67129
-89,40.5,45129
-88.5,40.5,45129
-88,40.5,45129
-87.5,40.5,45129
-87,40.5,45129
-86.5,40.5,45129
-86,40.5,19821
-85.5,40.5,19821
-85,40.5,19821
-84.5,40.5,19821
-84,40.5,19821
-83.5,40.5,19821
-83,40.5,19821
-82.5,40.5,19821
-82,40.5,45129
-81.5,40.5,45129
-81,40.5,45129
-80.5,40.5,51714
-80,40.5,51714
-79.5,40.5,51714
-79,40.5,51714
-78.5,40.5,108561
-78,40.5,63851
-77.5,40.5,63851
-77,40.5,63851
-76.5,40.5,39932
-76,40.5,39932
-75.5,40.5,39932
-75,40.5,39932
-74.5,40.5,39932
-74,40.5,39932
-73.5,40.5,39932
-73,40.5,39932
-72.5,40.5,39932
-72,40.5,39932
-71.5,40.5,NA
-71,40.5,NA
-70.5,40.5,NA
-70,40.5,NA
-69.5,40.5,NA
-69,40.5,NA
-68.5,40.5,NA
-68,40.5,NA
-67.5,40.5,NA
-67,40.5,NA
-124,41,27617
-123.5,41,27617
-123,41,27617
-122.5,41,27617
-122,41,27617
-121.5,41,27617
-121,41,27617
-120.5,41,27617
-120,41,27617
-119.5,41,19644
-119,41,19644
-118.5,41,19644
-118,41,19644
-117.5,41,19644
-117,41,19644
-116.5,41,19644
-116,41,19644
-115.5,41,19644
-115,41,19644
-114.5,41,27617
-114,41,27617
-113.5,41,39400
-113,41,39400
-112.5,41,39400
-112,41,39400
-111.5,41,41822
-111,41,41822
-110.5,41,41822
-110,41,41822
-109.5,41,49795
-109,41,49795
-108.5,41,49795
-108,41,49795
-107.5,41,49795
-107,41,49795
-106.5,41,49795
-106,41,138180
-105.5,41,138180
-105,41,138180
-104.5,41,138180
-104,41,138180
-103.5,41,138180
-103,41,145651
-102.5,41,145651
-102,41,145651
-101.5,41,145651
-101,41,145651
-100.5,41,17399
-100,41,17399
-99.5,41,17399
-99,41,17399
-98.5,41,17399
-98,41,17399
-97.5,41,17399
-97,41,17399
-96.5,41,28651
-96,41,28651
-95.5,41,28651
-95,41,28651
-94.5,41,28651
-94,41,28651
-93.5,41,28651
-93,41,28651
-92.5,41,28651
-92,41,76137
-91.5,41,67129
-91,41,67129
-90.5,41,67129
-90,41,67129
-89.5,41,67129
-89,41,67129
-88.5,41,136290
-88,41,45129
-87.5,41,45129
-87,41,45129
-86.5,41,45129
-86,41,45129
-85.5,41,45129
-85,41,19821
-84.5,41,19821
-84,41,19821
-83.5,41,19821
-83,41,19821
-82.5,41,19821
-82,41,19821
-81.5,41,19821
-81,41,45129
-80.5,41,45129
-80,41,45129
-79.5,41,45129
-79,41,63851
-78.5,41,63851
-78,41,63851
-77.5,41,63851
-77,41,39932
-76.5,41,39932
-76,41,39932
-75.5,41,39932
-75,41,39932
-74.5,41,39932
-74,41,39932
-73.5,41,39932
-73,41,39932
-72.5,41,39932
-72,41,39932
-71.5,41,NA
-71,41,-999999
-70.5,41,NA
-70,41,-999999
-69.5,41,NA
-69,41,-999999
-68.5,41,NA
-68,41,-999999
-67.5,41,NA
-67,41,-999999
-124,41.5,27795
-123.5,41.5,27795
-123,41.5,27795
-122.5,41.5,27795
-122,41.5,27795
-121.5,41.5,27795
-121,41.5,27795
-120.5,41.5,19644
-120,41.5,19644
-119.5,41.5,19644
-119,41.5,19644
-118.5,41.5,19644
-118,41.5,19644
-117.5,41.5,19644
-117,41.5,19644
-116.5,41.5,19644
-116,41.5,19644
-115.5,41.5,39400
-115,41.5,39400
-114.5,41.5,39400
-114,41.5,39400
-113.5,41.5,39400
-113,41.5,39400
-112.5,41.5,41822
-112,41.5,41822
-111.5,41.5,41822
-111,41.5,41822
-110.5,41.5,41822
-110,41.5,41822
-109.5,41.5,41822
-109,41.5,49795
-108.5,41.5,49795
-108,41.5,49795
-107.5,41.5,49795
-107,41.5,49795
-106.5,41.5,49795
-106,41.5,49795
-105.5,41.5,49795
-105,41.5,49795
-104.5,41.5,138180
-104,41.5,138180
-103.5,41.5,138180
-103,41.5,138180
-102.5,41.5,17399
-102,41.5,17399
-101.5,41.5,17399
-101,41.5,17399
-100.5,41.5,17399
-100,41.5,17399
-99.5,41.5,17399
-99,41.5,17399
-98.5,41.5,28651
-98,41.5,28651
-97.5,41.5,28651
-97,41.5,28651
-96.5,41.5,28651
-96,41.5,28651
-95.5,41.5,28651
-95,41.5,28651
-94.5,41.5,28651
-94,41.5,28651
-93.5,41.5,28651
-93,41.5,28651
-92.5,41.5,28651
-92,41.5,28651
-91.5,41.5,28651
-91,41.5,67129
-90.5,41.5,67129
-90,41.5,67129
-89.5,41.5,67129
-89,41.5,86029
-88.5,41.5,136290
-88,41.5,136290
-87.5,41.5,136290
-87,41.5,47373
-86.5,41.5,45129
-86,41.5,45129
-85.5,41.5,45129
-85,41.5,45129
-84.5,41.5,45129
-84,41.5,19821
-83.5,41.5,19821
-83,41.5,19821
-82.5,41.5,19821
-82,41.5,19821
-81.5,41.5,19821
-81,41.5,19821
-80.5,41.5,19821
-80,41.5,19821
-79.5,41.5,45129
-79,41.5,45129
-78.5,41.5,45129
-78,41.5,63851
-77.5,41.5,39932
-77,41.5,39932
-76.5,41.5,39932
-76,41.5,39932
-75.5,41.5,39932
-75,41.5,39932
-74.5,41.5,39932
-74,41.5,39932
-73.5,41.5,39932
-73,41.5,39932
-72.5,41.5,39932
-72,41.5,39932
-71.5,41.5,39932
-71,41.5,39932
-70.5,41.5,39932
-70,41.5,39932
-69.5,41.5,NA
-69,41.5,NA
-68.5,41.5,NA
-68,41.5,NA
-67.5,41.5,NA
-67,41.5,NA
-124,42,27795
-123.5,42,27795
-123,42,27795
-122.5,42,27795
-122,42,19644
-121.5,42,19644
-121,42,19644
-120.5,42,19644
-120,42,19644
-119.5,42,19644
-119,42,19644
-118.5,42,19644
-118,42,19644
-117.5,42,19644
-117,42,19644
-116.5,42,27795
-116,42,27795
-115.5,42,39400
-115,42,39400
-114.5,42,39400
-114,42,39400
-113.5,42,41822
-113,42,41822
-112.5,42,41822
-112,42,41822
-111.5,42,41822
-111,42,41822
-110.5,42,41822
-110,42,41822
-109.5,42,138180
-109,42,81687
-108.5,42,49795
-108,42,49795
-107.5,42,49795
-107,42,49795
-106.5,42,49795
-106,42,49795
-105.5,42,49795
-105,42,49795
-104.5,42,17399
-104,42,17399
-103.5,42,17399
-103,42,17399
-102.5,42,17399
-102,42,17399
-101.5,42,17399
-101,42,17399
-100.5,42,17399
-100,42,161243
-99.5,42,161243
-99,42,161243
-98.5,42,161243
-98,42,28651
-97.5,42,28651
-97,42,28651
-96.5,42,28651
-96,42,28651
-95.5,42,28651
-95,42,28651
-94.5,42,28651
-94,42,28651
-93.5,42,28651
-93,42,28651
-92.5,42,28651
-92,42,28651
-91.5,42,28651
-91,42,28651
-90.5,42,28651
-90,42,67129
-89.5,42,86029
-89,42,86029
-88.5,42,86029
-88,42,47373
-87.5,42,47373
-87,42,47373
-86.5,42,47373
-86,42,47373
-85.5,42,47373
-85,42,45129
-84.5,42,45129
-84,42,45129
-83.5,42,45129
-83,42,19821
-82.5,42,19821
-82,42,-999999
-81.5,42,NA
-81,42,-999999
-80.5,42,19821
-80,42,19821
-79.5,42,19821
-79,42,19821
-78.5,42,45129
-78,42,45129
-77.5,42,45129
-77,42,45129
-76.5,42,63851
-76,42,39932
-75.5,42,39932
-75,42,39932
-74.5,42,39932
-74,42,39932
-73.5,42,39932
-73,42,39932
-72.5,42,39932
-72,42,39932
-71.5,42,39932
-71,42,39932
-70.5,42,39932
-70,42,39932
-69.5,42,NA
-69,42,-999999
-68.5,42,NA
-68,42,-999999
-67.5,42,NA
-67,42,-999999
-124,42.5,27795
-123.5,42.5,27795
-123,42.5,19644
-122.5,42.5,19644
-122,42.5,19644
-121.5,42.5,19644
-121,42.5,19644
-120.5,42.5,19644
-120,42.5,19644
-119.5,42.5,19644
-119,42.5,19644
-118.5,42.5,19644
-118,42.5,19644
-117.5,42.5,27795
-117,42.5,27795
-116.5,42.5,27795
-116,42.5,27795
-115.5,42.5,27795
-115,42.5,27795
-114.5,42.5,27795
-114,42.5,41822
-113.5,42.5,41822
-113,42.5,41822
-112.5,42.5,41822
-112,42.5,41822
-111.5,42.5,41822
-111,42.5,155514
-110.5,42.5,155514
-110,42.5,155514
-109.5,42.5,81687
-109,42.5,81687
-108.5,42.5,138180
-108,42.5,138180
-107.5,42.5,138180
-107,42.5,17399
-106.5,42.5,17399
-106,42.5,17399
-105.5,42.5,17399
-105,42.5,17399
-104.5,42.5,17399
-104,42.5,17399
-103.5,42.5,17399
-103,42.5,17399
-102.5,42.5,17399
-102,42.5,49795
-101.5,42.5,138180
-101,42.5,88805
-100.5,42.5,88805
-100,42.5,88805
-99.5,42.5,88805
-99,42.5,88805
-98.5,42.5,88805
-98,42.5,76137
-97.5,42.5,76137
-97,42.5,28651
-96.5,42.5,28651
-96,42.5,28651
-95.5,42.5,28651
-95,42.5,28651
-94.5,42.5,28651
-94,42.5,28651
-93.5,42.5,28651
-93,42.5,28651
-92.5,42.5,28651
-92,42.5,28651
-91.5,42.5,28651
-91,42.5,28651
-90.5,42.5,28651
-90,42.5,28651
-89.5,42.5,28651
-89,42.5,47373
-88.5,42.5,47373
-88,42.5,47373
-87.5,42.5,47373
-87,42.5,47373
-86.5,42.5,47373
-86,42.5,47373
-85.5,42.5,47373
-85,42.5,47373
-84.5,42.5,51714
-84,42.5,45129
-83.5,42.5,45129
-83,42.5,45129
-82.5,42.5,45129
-82,42.5,NA
-81.5,42.5,NA
-81,42.5,NA
-80.5,42.5,NA
-80,42.5,NA
-79.5,42.5,19821
-79,42.5,19821
-78.5,42.5,19821
-78,42.5,19821
-77.5,42.5,19821
-77,42.5,45129
-76.5,42.5,45129
-76,42.5,45129
-75.5,42.5,102832
-75,42.5,102832
-74.5,42.5,39932
-74,42.5,39932
-73.5,42.5,39932
-73,42.5,39932
-72.5,42.5,39932
-72,42.5,39932
-71.5,42.5,39932
-71,42.5,39932
-70.5,42.5,39932
-70,42.5,39932
-69.5,42.5,NA
-69,42.5,NA
-68.5,42.5,NA
-68,42.5,NA
-67.5,42.5,NA
-67,42.5,NA
-124,43,19644
-123.5,43,19644
-123,43,19644
-122.5,43,19644
-122,43,19644
-121.5,43,19644
-121,43,19644
-120.5,43,19644
-120,43,19644
-119.5,43,19644
-119,43,27795
-118.5,43,27795
-118,43,27795
-117.5,43,27795
-117,43,27795
-116.5,43,27795
-116,43,27795
-115.5,43,27795
-115,43,27795
-114.5,43,27795
-114,43,41822
-113.5,43,41822
-113,43,41822
-112.5,43,41822
-112,43,155514
-111.5,43,155514
-111,43,155514
-110.5,43,81687
-110,43,17399
-109.5,43,17399
-109,43,17399
-108.5,43,17399
-108,43,17399
-107.5,43,17399
-107,43,17399
-106.5,43,17399
-106,43,17399
-105.5,43,17399
-105,43,17399
-104.5,43,49795
-104,43,49795
-103.5,43,49795
-103,43,49795
-102.5,43,49795
-102,43,49795
-101.5,43,49795
-101,43,49795
-100.5,43,49795
-100,43,88805
-99.5,43,88805
-99,43,76137
-98.5,43,76137
-98,43,76137
-97.5,43,76137
-97,43,76137
-96.5,43,76137
-96,43,76137
-95.5,43,28651
-95,43,28651
-94.5,43,28651
-94,43,28651
-93.5,43,28651
-93,43,28651
-92.5,43,28651
-92,43,28651
-91.5,43,28651
-91,43,28651
-90.5,43,28651
-90,43,28651
-89.5,43,28651
-89,43,28651
-88.5,43,28651
-88,43,47373
-87.5,43,47373
-87,43,47373
-86.5,43,47373
-86,43,47373
-85.5,43,47373
-85,43,51714
-84.5,43,51714
-84,43,86029
-83.5,43,173380
-83,43,63851
-82.5,43,45129
-82,43,-999999
-81.5,43,NA
-81,43,-999999
-80.5,43,NA
-80,43,-999999
-79.5,43,19821
-79,43,19821
-78.5,43,19821
-78,43,19821
-77.5,43,19821
-77,43,19821
-76.5,43,19821
-76,43,45129
-75.5,43,45129
-75,43,45129
-74.5,43,45129
-74,43,101443
-73.5,43,101443
-73,43,39932
-72.5,43,39932
-72,43,39932
-71.5,43,39932
-71,43,39932
-70.5,43,39932
-70,43,39932
-69.5,43,39932
-69,43,39932
-68.5,43,39932
-68,43,39932
-67.5,43,39932
-67,43,39932
-124,43.5,19644
-123.5,43.5,19644
-123,43.5,19644
-122.5,43.5,19644
-122,43.5,19644
-121.5,43.5,19644
-121,43.5,19644
-120.5,43.5,19644
-120,43.5,27795
-119.5,43.5,27795
-119,43.5,27795
-118.5,43.5,27795
-118,43.5,27795
-117.5,43.5,27795
-117,43.5,27795
-116.5,43.5,27795
-116,43.5,27795
-115.5,43.5,27795
-115,43.5,27795
-114.5,43.5,27795
-114,43.5,41822
-113.5,43.5,41822
-113,43.5,17399
-112.5,43.5,17399
-112,43.5,17399
-111.5,43.5,17399
-111,43.5,17399
-110.5,43.5,17399
-110,43.5,17399
-109.5,43.5,17399
-109,43.5,17399
-108.5,43.5,17399
-108,43.5,17399
-107.5,43.5,17399
-107,43.5,138180
-106.5,43.5,138180
-106,43.5,138180
-105.5,43.5,138180
-105,43.5,138180
-104.5,43.5,88805
-104,43.5,49795
-103.5,43.5,49795
-103,43.5,49795
-102.5,43.5,49795
-102,43.5,49795
-101.5,43.5,49795
-101,43.5,49795
-100.5,43.5,49795
-100,43.5,49795
-99.5,43.5,49795
-99,43.5,49795
-98.5,43.5,76137
-98,43.5,76137
-97.5,43.5,76137
-97,43.5,76137
-96.5,43.5,88805
-96,43.5,88805
-95.5,43.5,67129
-95,43.5,67129
-94.5,43.5,28651
-94,43.5,28651
-93.5,43.5,28651
-93,43.5,28651
-92.5,43.5,28651
-92,43.5,28651
-91.5,43.5,28651
-91,43.5,28651
-90.5,43.5,28651
-90,43.5,28651
-89.5,43.5,28651
-89,43.5,28651
-88.5,43.5,28651
-88,43.5,28651
-87.5,43.5,28651
-87,43.5,28651
-86.5,43.5,47373
-86,43.5,51714
-85.5,43.5,51714
-85,43.5,86029
-84.5,43.5,86029
-84,43.5,63851
-83.5,43.5,63851
-83,43.5,63851
-82.5,43.5,63851
-82,43.5,NA
-81.5,43.5,NA
-81,43.5,NA
-80.5,43.5,NA
-80,43.5,NA
-79.5,43.5,19821
-79,43.5,19821
-78.5,43.5,19821
-78,43.5,19821
-77.5,43.5,19821
-77,43.5,19821
-76.5,43.5,19821
-76,43.5,19821
-75.5,43.5,19821
-75,43.5,19821
-74.5,43.5,45129
-74,43.5,45129
-73.5,43.5,45129
-73,43.5,45129
-72.5,43.5,102832
-72,43.5,102832
-71.5,43.5,39932
-71,43.5,39932
-70.5,43.5,39932
-70,43.5,39932
-69.5,43.5,39932
-69,43.5,39932
-68.5,43.5,39932
-68,43.5,39932
-67.5,43.5,39932
-67,43.5,39932
-124,44,19644
-123.5,44,19644
-123,44,19644
-122.5,44,19644
-122,44,19644
-121.5,44,39400
-121,44,39400
-120.5,44,39400
-120,44,27795
-119.5,44,27795
-119,44,27795
-118.5,44,27795
-118,44,27795
-117.5,44,17399
-117,44,17399
-116.5,44,17399
-116,44,17399
-115.5,44,17399
-115,44,17399
-114.5,44,17399
-114,44,17399
-113.5,44,17399
-113,44,17399
-112.5,44,17399
-112,44,17399
-111.5,44,17399
-111,44,17399
-110.5,44,17399
-110,44,17399
-109.5,44,138180
-109,44,138180
-108.5,44,138180
-108,44,138180
-107.5,44,138180
-107,44,138180
-106.5,44,138180
-106,44,138180
-105.5,44,138180
-105,44,138180
-104.5,44,88805
-104,44,88805
-103.5,44,88805
-103,44,88805
-102.5,44,49795
-102,44,49795
-101.5,44,49795
-101,44,49795
-100.5,44,49795
-100,44,49795
-99.5,44,49795
-99,44,49795
-98.5,44,49795
-98,44,49795
-97.5,44,49795
-97,44,49795
-96.5,44,88805
-96,44,67129
-95.5,44,67129
-95,44,67129
-94.5,44,67129
-94,44,67129
-93.5,44,28651
-93,44,28651
-92.5,44,28651
-92,44,28651
-91.5,44,28651
-91,44,28651
-90.5,44,28651
-90,44,28651
-89.5,44,28651
-89,44,28651
-88.5,44,28651
-88,44,28651
-87.5,44,28651
-87,44,28651
-86.5,44,28651
-86,44,28651
-85.5,44,86029
-85,44,63851
-84.5,44,63851
-84,44,63851
-83.5,44,63851
-83,44,63851
-82.5,44,63851
-82,44,-999999
-81.5,44,NA
-81,44,-999999
-80.5,44,NA
-80,44,-999999
-79.5,44,31959
-79,44,31959
-78.5,44,31959
-78,44,19821
-77.5,44,19821
-77,44,19821
-76.5,44,19821
-76,44,19821
-75.5,44,19821
-75,44,19821
-74.5,44,19821
-74,44,19821
-73.5,44,19821
-73,44,45129
-72.5,44,45129
-72,44,45129
-71.5,44,108561
-71,44,108561
-70.5,44,39932
-70,44,39932
-69.5,44,39932
-69,44,39932
-68.5,44,39932
-68,44,39932
-67.5,44,39932
-67,44,39932
-124,44.5,17399
-123.5,44.5,17399
-123,44.5,17399
-122.5,44.5,17399
-122,44.5,17399
-121.5,44.5,17399
-121,44.5,17399
-120.5,44.5,17399
-120,44.5,17399
-119.5,44.5,17399
-119,44.5,17399
-118.5,44.5,17399
-118,44.5,17399
-117.5,44.5,17399
-117,44.5,17399
-116.5,44.5,17399
-116,44.5,17399
-115.5,44.5,17399
-115,44.5,17399
-114.5,44.5,17399
-114,44.5,17399
-113.5,44.5,17399
-113,44.5,47551
-112.5,44.5,47551
-112,44.5,47551
-111.5,44.5,47551
-111,44.5,47551
-110.5,44.5,47551
-110,44.5,47551
-109.5,44.5,47551
-109,44.5,47551
-108.5,44.5,47551
-108,44.5,47551
-107.5,44.5,47551
-107,44.5,47551
-106.5,44.5,47551
-106,44.5,138180
-105.5,44.5,138180
-105,44.5,138180
-104.5,44.5,88805
-104,44.5,88805
-103.5,44.5,88805
-103,44.5,88805
-102.5,44.5,88805
-102,44.5,76137
-101.5,44.5,76137
-101,44.5,49795
-100.5,44.5,49795
-100,44.5,49795
-99.5,44.5,49795
-99,44.5,49795
-98.5,44.5,49795
-98,44.5,49795
-97.5,44.5,49795
-97,44.5,49795
-96.5,44.5,49795
-96,44.5,49795
-95.5,44.5,49795
-95,44.5,49795
-94.5,44.5,51714
-94,44.5,51714
-93.5,44.5,47373
-93,44.5,47373
-92.5,44.5,28651
-92,44.5,28651
-91.5,44.5,28651
-91,44.5,28651
-90.5,44.5,28651
-90,44.5,28651
-89.5,44.5,28651
-89,44.5,28651
-88.5,44.5,28651
-88,44.5,28651
-87.5,44.5,28651
-87,44.5,28651
-86.5,44.5,28651
-86,44.5,28651
-85.5,44.5,28651
-85,44.5,28651
-84.5,44.5,63851
-84,44.5,63851
-83.5,44.5,63851
-83,44.5,31959
-82.5,44.5,31959
-82,44.5,NA
-81.5,44.5,NA
-81,44.5,NA
-80.5,44.5,NA
-80,44.5,NA
-79.5,44.5,31959
-79,44.5,31959
-78.5,44.5,31959
-78,44.5,31959
-77.5,44.5,31959
-77,44.5,45129
-76.5,44.5,19821
-76,44.5,19821
-75.5,44.5,19821
-75,44.5,19821
-74.5,44.5,19821
-74,44.5,19821
-73.5,44.5,19821
-73,44.5,19821
-72.5,44.5,19821
-72,44.5,19821
-71.5,44.5,19821
-71,44.5,45129
-70.5,44.5,45129
-70,44.5,108561
-69.5,44.5,39932
-69,44.5,39932
-68.5,44.5,39932
-68,44.5,39932
-67.5,44.5,39932
-67,44.5,39932
-124,45,17399
-123.5,45,17399
-123,45,17399
-122.5,45,17399
-122,45,17399
-121.5,45,17399
-121,45,17399
-120.5,45,17399
-120,45,17399
-119.5,45,17399
-119,45,17399
-118.5,45,17399
-118,45,41822
-117.5,45,41822
-117,45,27795
-116.5,45,27795
-116,45,27795
-115.5,45,27795
-115,45,47551
-114.5,45,47551
-114,45,47551
-113.5,45,47551
-113,45,47551
-112.5,45,47551
-112,45,47551
-111.5,45,47551
-111,45,47551
-110.5,45,47551
-110,45,47551
-109.5,45,47551
-109,45,47551
-108.5,45,47551
-108,45,47551
-107.5,45,47551
-107,45,47551
-106.5,45,47551
-106,45,47551
-105.5,45,47551
-105,45,47551
-104.5,45,47551
-104,45,47551
-103.5,45,47551
-103,45,47551
-102.5,45,47551
-102,45,76137
-101.5,45,76137
-101,45,76137
-100.5,45,76137
-100,45,76137
-99.5,45,76137
-99,45,49795
-98.5,45,49795
-98,45,49795
-97.5,45,49795
-97,45,49795
-96.5,45,49795
-96,45,49795
-95.5,45,49795
-95,45,47373
-94.5,45,47373
-94,45,47373
-93.5,45,47373
-93,45,47373
-92.5,45,47373
-92,45,47373
-91.5,45,28651
-91,45,28651
-90.5,45,28651
-90,45,28651
-89.5,45,28651
-89,45,28651
-88.5,45,28651
-88,45,28651
-87.5,45,28651
-87,45,28651
-86.5,45,28651
-86,45,28651
-85.5,45,28651
-85,45,28651
-84.5,45,28651
-84,45,28651
-83.5,45,31959
-83,45,31959
-82.5,45,31959
-82,45,-999999
-81.5,45,NA
-81,45,-999999
-80.5,45,NA
-80,45,-999999
-79.5,45,31959
-79,45,31959
-78.5,45,31959
-78,45,31959
-77.5,45,31959
-77,45,31959
-76.5,45,45129
-76,45,45129
-75.5,45,45129
-75,45,19821
-74.5,45,19821
-74,45,19821
-73.5,45,19821
-73,45,19821
-72.5,45,19821
-72,45,19821
-71.5,45,19821
-71,45,19821
-70.5,45,19821
-70,45,19821
-69.5,45,45129
-69,45,45129
-68.5,45,39932
-68,45,39932
-67.5,45,39932
-67,45,39932
-124,45.5,39400
-123.5,45.5,39400
-123,45.5,39400
-122.5,45.5,39400
-122,45.5,39400
-121.5,45.5,41822
-121,45.5,41822
-120.5,45.5,41822
-120,45.5,41822
-119.5,45.5,41822
-119,45.5,41822
-118.5,45.5,41822
-118,45.5,41822
-117.5,45.5,41822
-117,45.5,41822
-116.5,45.5,155514
-116,45.5,47551
-115.5,45.5,47551
-115,45.5,47551
-114.5,45.5,47551
-114,45.5,47551
-113.5,45.5,47551
-113,45.5,47551
-112.5,45.5,47551
-112,45.5,47551
-111.5,45.5,47551
-111,45.5,47551
-110.5,45.5,47551
-110,45.5,47551
-109.5,45.5,47551
-109,45.5,47551
-108.5,45.5,47551
-108,45.5,47551
-107.5,45.5,47551
-107,45.5,47551
-106.5,45.5,47551
-106,45.5,47551
-105.5,45.5,47551
-105,45.5,47551
-104.5,45.5,27263
-104,45.5,27263
-103.5,45.5,47551
-103,45.5,47551
-102.5,45.5,47551
-102,45.5,47551
-101.5,45.5,47551
-101,45.5,47551
-100.5,45.5,47551
-100,45.5,47551
-99.5,45.5,47551
-99,45.5,47551
-98.5,45.5,47551
-98,45.5,47551
-97.5,45.5,47551
-97,45.5,47551
-96.5,45.5,47551
-96,45.5,47373
-95.5,45.5,47373
-95,45.5,47373
-94.5,45.5,47373
-94,45.5,47373
-93.5,45.5,47373
-93,45.5,47373
-92.5,45.5,47373
-92,45.5,47373
-91.5,45.5,47373
-91,45.5,47373
-90.5,45.5,28651
-90,45.5,28651
-89.5,45.5,28651
-89,45.5,28651
-88.5,45.5,28651
-88,45.5,28651
-87.5,45.5,28651
-87,45.5,28651
-86.5,45.5,28651
-86,45.5,28651
-85.5,45.5,28651
-85,45.5,28651
-84.5,45.5,28651
-84,45.5,28651
-83.5,45.5,28651
-83,45.5,28651
-82.5,45.5,31959
-82,45.5,NA
-81.5,45.5,NA
-81,45.5,NA
-80.5,45.5,NA
-80,45.5,NA
-79.5,45.5,NA
-79,45.5,NA
-78.5,45.5,NA
-78,45.5,NA
-77.5,45.5,NA
-77,45.5,NA
-76.5,45.5,NA
-76,45.5,NA
-75.5,45.5,NA
-75,45.5,NA
-74.5,45.5,NA
-74,45.5,NA
-73.5,45.5,NA
-73,45.5,NA
-72.5,45.5,NA
-72,45.5,NA
-71.5,45.5,NA
-71,45.5,19821
-70.5,45.5,19821
-70,45.5,19821
-69.5,45.5,19821
-69,45.5,19821
-68.5,45.5,19821
-68,45.5,19821
-67.5,45.5,39932
-67,45.5,39932
-124,46,39400
-123.5,46,39400
-123,46,41822
-122.5,46,41822
-122,46,41822
-121.5,46,41822
-121,46,41822
-120.5,46,41822
-120,46,41822
-119.5,46,41822
-119,46,41822
-118.5,46,41822
-118,46,41822
-117.5,46,155514
-117,46,155514
-116.5,46,155514
-116,46,155514
-115.5,46,145651
-115,46,145651
-114.5,46,81687
-114,46,81687
-113.5,46,47551
-113,46,47551
-112.5,46,47551
-112,46,47551
-111.5,46,47551
-111,46,47551
-110.5,46,47551
-110,46,47551
-109.5,46,47551
-109,46,47551
-108.5,46,47551
-108,46,47551
-107.5,46,47551
-107,46,27263
-106.5,46,27263
-106,46,27263
-105.5,46,27263
-105,46,27263
-104.5,46,27263
-104,46,27263
-103.5,46,27263
-103,46,47551
-102.5,46,47551
-102,46,47551
-101.5,46,47551
-101,46,47551
-100.5,46,47551
-100,46,47551
-99.5,46,47551
-99,46,47551
-98.5,46,47551
-98,46,47551
-97.5,46,47373
-97,46,47373
-96.5,46,47373
-96,46,47373
-95.5,46,47373
-95,46,47373
-94.5,46,47373
-94,46,47373
-93.5,46,47373
-93,46,47373
-92.5,46,47373
-92,46,47373
-91.5,46,49795
-91,46,49795
-90.5,46,49795
-90,46,49795
-89.5,46,28651
-89,46,28651
-88.5,46,28651
-88,46,28651
-87.5,46,28651
-87,46,28651
-86.5,46,28651
-86,46,28651
-85.5,46,28651
-85,46,28651
-84.5,46,28651
-84,46,28651
-83.5,46,28651
-83,46,28651
-82.5,46,28651
-82,46,-999999
-81.5,46,NA
-81,46,-999999
-80.5,46,NA
-80,46,-999999
-79.5,46,NA
-79,46,-999999
-78.5,46,NA
-78,46,-999999
-77.5,46,NA
-77,46,-999999
-76.5,46,NA
-76,46,-999999
-75.5,46,NA
-75,46,-999999
-74.5,46,NA
-74,46,-999999
-73.5,46,NA
-73,46,-999999
-72.5,46,NA
-72,46,-999999
-71.5,46,NA
-71,46,19821
-70.5,46,19821
-70,46,19821
-69.5,46,19821
-69,46,19821
-68.5,46,19821
-68,46,19821
-67.5,46,19821
-67,46,19821
-124,46.5,41822
-123.5,46.5,41822
-123,46.5,41822
-122.5,46.5,41822
-122,46.5,41822
-121.5,46.5,41822
-121,46.5,41822
-120.5,46.5,41822
-120,46.5,41822
-119.5,46.5,41822
-119,46.5,41822
-118.5,46.5,155514
-118,46.5,155514
-117.5,46.5,155514
-117,46.5,145651
-116.5,46.5,145651
-116,46.5,145651
-115.5,46.5,145651
-115,46.5,81687
-114.5,46.5,81687
-114,46.5,81687
-113.5,46.5,145651
-113,46.5,145651
-112.5,46.5,145651
-112,46.5,145651
-111.5,46.5,156046
-111,46.5,47551
-110.5,46.5,47551
-110,46.5,47551
-109.5,46.5,47551
-109,46.5,47551
-108.5,46.5,27263
-108,46.5,27263
-107.5,46.5,27263
-107,46.5,27263
-106.5,46.5,27263
-106,46.5,27263
-105.5,46.5,27263
-105,46.5,27263
-104.5,46.5,27263
-104,46.5,27263
-103.5,46.5,27263
-103,46.5,27263
-102.5,46.5,47551
-102,46.5,47551
-101.5,46.5,47551
-101,46.5,47551
-100.5,46.5,47551
-100,46.5,47551
-99.5,46.5,47551
-99,46.5,47373
-98.5,46.5,47373
-98,46.5,47373
-97.5,46.5,47373
-97,46.5,47373
-96.5,46.5,47373
-96,46.5,47373
-95.5,46.5,47373
-95,46.5,47373
-94.5,46.5,47373
-94,46.5,47373
-93.5,46.5,47373
-93,46.5,49795
-92.5,46.5,49795
-92,46.5,49795
-91.5,46.5,49795
-91,46.5,49795
-90.5,46.5,49795
-90,46.5,49795
-89.5,46.5,49795
-89,46.5,49795
-88.5,46.5,28651
-88,46.5,28651
-87.5,46.5,28651
-87,46.5,28651
-86.5,46.5,28651
-86,46.5,28651
-85.5,46.5,28651
-85,46.5,28651
-84.5,46.5,28651
-84,46.5,28651
-83.5,46.5,28651
-83,46.5,28651
-82.5,46.5,28651
-82,46.5,NA
-81.5,46.5,NA
-81,46.5,NA
-80.5,46.5,NA
-80,46.5,NA
-79.5,46.5,NA
-79,46.5,NA
-78.5,46.5,NA
-78,46.5,NA
-77.5,46.5,NA
-77,46.5,NA
-76.5,46.5,NA
-76,46.5,NA
-75.5,46.5,NA
-75,46.5,NA
-74.5,46.5,NA
-74,46.5,NA
-73.5,46.5,NA
-73,46.5,NA
-72.5,46.5,NA
-72,46.5,NA
-71.5,46.5,NA
-71,46.5,45129
-70.5,46.5,45129
-70,46.5,19821
-69.5,46.5,19821
-69,46.5,19821
-68.5,46.5,19821
-68,46.5,19821
-67.5,46.5,19821
-67,46.5,19821
-124,47,41822
-123.5,47,41822
-123,47,41822
-122.5,47,41822
-122,47,41822
-121.5,47,41822
-121,47,41822
-120.5,47,41822
-120,47,41822
-119.5,47,41822
-119,47,155514
-118.5,47,155514
-118,47,145651
-117.5,47,145651
-117,47,145651
-116.5,47,145651
-116,47,81687
-115.5,47,81687
-115,47,81687
-114.5,47,145651
-114,47,145651
-113.5,47,145651
-113,47,145651
-112.5,47,187939
-112,47,156046
-111.5,47,156046
-111,47,156046
-110.5,47,156046
-110,47,27263
-109.5,47,27263
-109,47,27263
-108.5,47,27263
-108,47,27263
-107.5,47,27263
-107,47,27263
-106.5,47,27263
-106,47,27263
-105.5,47,27263
-105,47,27263
-104.5,47,27263
-104,47,27263
-103.5,47,27263
-103,47,27263
-102.5,47,27263
-102,47,47551
-101.5,47,47551
-101,47,47373
-100.5,47,47373
-100,47,47373
-99.5,47,47373
-99,47,47373
-98.5,47,47373
-98,47,47373
-97.5,47,47373
-97,47,47373
-96.5,47,47373
-96,47,47373
-95.5,47,47373
-95,47,47373
-94.5,47,88805
-94,47,88805
-93.5,47,88805
-93,47,88805
-92.5,47,88805
-92,47,88805
-91.5,47,88805
-91,47,88805
-90.5,47,63851
-90,47,49795
-89.5,47,49795
-89,47,49795
-88.5,47,49795
-88,47,31959
-87.5,47,28651
-87,47,28651
-86.5,47,28651
-86,47,28651
-85.5,47,28651
-85,47,28651
-84.5,47,28651
-84,47,28651
-83.5,47,28651
-83,47,28651
-82.5,47,28651
-82,47,-999999
-81.5,47,NA
-81,47,-999999
-80.5,47,NA
-80,47,-999999
-79.5,47,NA
-79,47,-999999
-78.5,47,NA
-78,47,-999999
-77.5,47,NA
-77,47,-999999
-76.5,47,NA
-76,47,-999999
-75.5,47,NA
-75,47,-999999
-74.5,47,NA
-74,47,-999999
-73.5,47,NA
-73,47,-999999
-72.5,47,NA
-72,47,-999999
-71.5,47,NA
-71,47,45129
-70.5,47,45129
-70,47,45129
-69.5,47,45129
-69,47,45129
-68.5,47,45129
-68,47,19821
-67.5,47,19821
-67,47,19821
-124,47.5,41822
-123.5,47.5,41822
-123,47.5,41822
-122.5,47.5,41822
-122,47.5,41822
-121.5,47.5,41822
-121,47.5,41822
-120.5,47.5,41822
-120,47.5,155514
-119.5,47.5,145651
-119,47.5,145651
-118.5,47.5,145651
-118,47.5,145651
-117.5,47.5,145651
-117,47.5,145651
-116.5,47.5,81687
-116,47.5,81687
-115.5,47.5,81687
-115,47.5,145651
-114.5,47.5,145651
-114,47.5,145651
-113.5,47.5,187939
-113,47.5,187939
-112.5,47.5,187939
-112,47.5,187939
-111.5,47.5,27263
-111,47.5,27263
-110.5,47.5,27263
-110,47.5,27263
-109.5,47.5,27263
-109,47.5,27263
-108.5,47.5,27263
-108,47.5,27263
-107.5,47.5,27263
-107,47.5,27263
-106.5,47.5,27263
-106,47.5,27263
-105.5,47.5,27263
-105,47.5,27263
-104.5,47.5,27263
-104,47.5,27263
-103.5,47.5,27263
-103,47.5,27263
-102.5,47.5,27263
-102,47.5,27263
-101.5,47.5,47373
-101,47.5,47373
-100.5,47.5,47373
-100,47.5,47373
-99.5,47.5,47373
-99,47.5,47373
-98.5,47.5,47373
-98,47.5,47373
-97.5,47.5,47373
-97,47.5,47373
-96.5,47.5,47373
-96,47.5,47373
-95.5,47.5,47551
-95,47.5,88805
-94.5,47.5,88805
-94,47.5,88805
-93.5,47.5,88805
-93,47.5,88805
-92.5,47.5,88805
-92,47.5,88805
-91.5,47.5,63851
-91,47.5,63851
-90.5,47.5,63851
-90,47.5,63851
-89.5,47.5,63851
-89,47.5,31959
-88.5,47.5,31959
-88,47.5,31959
-87.5,47.5,31959
-87,47.5,31959
-86.5,47.5,28651
-86,47.5,28651
-85.5,47.5,28651
-85,47.5,28651
-84.5,47.5,28651
-84,47.5,28651
-83.5,47.5,28651
-83,47.5,28651
-82.5,47.5,28651
-82,47.5,NA
-81.5,47.5,NA
-81,47.5,NA
-80.5,47.5,NA
-80,47.5,NA
-79.5,47.5,NA
-79,47.5,NA
-78.5,47.5,NA
-78,47.5,NA
-77.5,47.5,NA
-77,47.5,NA
-76.5,47.5,NA
-76,47.5,NA
-75.5,47.5,NA
-75,47.5,NA
-74.5,47.5,NA
-74,47.5,NA
-73.5,47.5,NA
-73,47.5,NA
-72.5,47.5,NA
-72,47.5,NA
-71.5,47.5,NA
-71,47.5,NA
-70.5,47.5,NA
-70,47.5,NA
-69.5,47.5,NA
-69,47.5,NA
-68.5,47.5,NA
-68,47.5,NA
-67.5,47.5,NA
-67,47.5,NA
-124,48,41822
-123.5,48,41822
-123,48,41822
-122.5,48,41822
-122,48,41822
-121.5,48,41822
-121,48,145651
-120.5,48,145651
-120,48,145651
-119.5,48,145651
-119,48,145651
-118.5,48,145651
-118,48,145651
-117.5,48,81687
-117,48,81687
-116.5,48,81687
-116,48,145651
-115.5,48,145651
-115,48,145651
-114.5,48,155514
-114,48,187939
-113.5,48,187939
-113,48,187939
-112.5,48,27263
-112,48,27263
-111.5,48,27263
-111,48,27263
-110.5,48,27263
-110,48,27263
-109.5,48,27263
-109,48,27263
-108.5,48,27263
-108,48,27263
-107.5,48,27263
-107,48,27263
-106.5,48,27263
-106,48,27263
-105.5,48,27263
-105,48,27263
-104.5,48,27263
-104,48,27263
-103.5,48,27263
-103,48,27263
-102.5,48,27263
-102,48,27263
-101.5,48,27263
-101,48,47373
-100.5,48,47373
-100,48,47373
-99.5,48,47373
-99,48,47373
-98.5,48,47373
-98,48,47373
-97.5,48,47373
-97,48,47551
-96.5,48,47551
-96,48,47551
-95.5,48,47551
-95,48,88805
-94.5,48,88805
-94,48,88805
-93.5,48,88805
-93,48,88805
-92.5,48,63851
-92,48,63851
-91.5,48,63851
-91,48,63851
-90.5,48,63851
-90,48,31959
-89.5,48,31959
-89,48,31959
-88.5,48,31959
-88,48,31959
-87.5,48,31959
-87,48,18788
-86.5,48,31959
-86,48,31959
-85.5,48,28651
-85,48,28651
-84.5,48,28651
-84,48,28651
-83.5,48,28651
-83,48,28651
-82.5,48,28651
-82,48,-999999
-81.5,48,NA
-81,48,-999999
-80.5,48,NA
-80,48,-999999
-79.5,48,NA
-79,48,-999999
-78.5,48,NA
-78,48,-999999
-77.5,48,NA
-77,48,-999999
-76.5,48,NA
-76,48,-999999
-75.5,48,NA
-75,48,-999999
-74.5,48,NA
-74,48,-999999
-73.5,48,NA
-73,48,-999999
-72.5,48,NA
-72,48,-999999
-71.5,48,NA
-71,48,-999999
-70.5,48,NA
-70,48,-999999
-69.5,48,NA
-69,48,-999999
-68.5,48,NA
-68,48,-999999
-67.5,48,NA
-67,48,-999999
-124,48.5,41822
-123.5,48.5,41822
-123,48.5,41822
-122.5,48.5,41822
-122,48.5,41822
-121.5,48.5,51714
-121,48.5,51714
-120.5,48.5,51714
-120,48.5,51714
-119.5,48.5,51714
-119,48.5,51714
-118.5,48.5,51714
-118,48.5,51714
-117.5,48.5,51714
-117,48.5,51714
-116.5,48.5,51714
-116,48.5,51714
-115.5,48.5,51714
-115,48.5,51714
-114.5,48.5,51714
-114,48.5,51714
-113.5,48.5,27263
-113,48.5,27263
-112.5,48.5,27263
-112,48.5,27263
-111.5,48.5,27263
-111,48.5,27263
-110.5,48.5,27263
-110,48.5,27263
-109.5,48.5,27263
-109,48.5,27263
-108.5,48.5,27263
-108,48.5,27263
-107.5,48.5,27263
-107,48.5,27263
-106.5,48.5,27263
-106,48.5,27263
-105.5,48.5,27263
-105,48.5,27263
-104.5,48.5,27263
-104,48.5,27263
-103.5,48.5,27263
-103,48.5,27263
-102.5,48.5,27263
-102,48.5,27263
-101.5,48.5,27263
-101,48.5,27263
-100.5,48.5,47373
-100,48.5,47373
-99.5,48.5,47373
-99,48.5,88805
-98.5,48.5,88805
-98,48.5,88805
-97.5,48.5,88805
-97,48.5,88805
-96.5,48.5,88805
-96,48.5,88805
-95.5,48.5,88805
-95,48.5,88805
-94.5,48.5,88805
-94,48.5,88805
-93.5,48.5,63851
-93,48.5,63851
-92.5,48.5,63851
-92,48.5,63851
-91.5,48.5,63851
-91,48.5,31959
-90.5,48.5,31959
-90,48.5,31959
-89.5,48.5,31959
-89,48.5,NA
-88.5,48.5,NA
-88,48.5,NA
-87.5,48.5,NA
-87,48.5,NA
-86.5,48.5,NA
-86,48.5,NA
-85.5,48.5,NA
-85,48.5,NA
-84.5,48.5,NA
-84,48.5,NA
-83.5,48.5,NA
-83,48.5,NA
-82.5,48.5,NA
-82,48.5,NA
-81.5,48.5,NA
-81,48.5,NA
-80.5,48.5,NA
-80,48.5,NA
-79.5,48.5,NA
-79,48.5,NA
-78.5,48.5,NA
-78,48.5,NA
-77.5,48.5,NA
-77,48.5,NA
-76.5,48.5,NA
-76,48.5,NA
-75.5,48.5,NA
-75,48.5,NA
-74.5,48.5,NA
-74,48.5,NA
-73.5,48.5,NA
-73,48.5,NA
-72.5,48.5,NA
-72,48.5,NA
-71.5,48.5,NA
-71,48.5,NA
-70.5,48.5,NA
-70,48.5,NA
-69.5,48.5,NA
-69,48.5,NA
-68.5,48.5,NA
-68,48.5,NA
-67.5,48.5,NA
-67,48.5,NA
-124,49,41822
-123.5,49,41822
-123,49,41822
-122.5,49,51714
-122,49,51714
-121.5,49,51714
-121,49,51714
-120.5,49,51714
-120,49,51714
-119.5,49,51714
-119,49,51714
-118.5,49,51714
-118,49,51714
-117.5,49,51714
-117,49,51714
-116.5,49,51714
-116,49,51714
-115.5,49,51714
-115,49,51714
-114.5,49,27263
-114,49,27263
-113.5,49,27263
-113,49,27263
-112.5,49,27263
-112,49,27263
-111.5,49,27263
-111,49,27263
-110.5,49,27263
-110,49,27263
-109.5,49,27263
-109,49,27263
-108.5,49,27263
-108,49,27263
-107.5,49,27263
-107,49,27263
-106.5,49,27263
-106,49,27263
-105.5,49,27263
-105,49,27263
-104.5,49,27263
-104,49,27263
-103.5,49,27263
-103,49,27263
-102.5,49,27263
-102,49,27263
-101.5,49,27263
-101,49,47373
-100.5,49,88805
-100,49,88805
-99.5,49,88805
-99,49,88805
-98.5,49,88805
-98,49,88805
-97.5,49,88805
-97,49,88805
-96.5,49,88805
-96,49,88805
-95.5,49,88805
-95,49,88805
-94.5,49,63851
-94,49,63851
-93.5,49,63851
-93,49,63851
-92.5,49,63851
-92,49,31959
-91.5,49,31959
-91,49,31959
-90.5,49,31959
-90,49,31959
-89.5,49,31959
-89,49,-999999
-88.5,49,NA
-88,49,-999999
-87.5,49,NA
-87,49,-999999
-86.5,49,NA
-86,49,-999999
-85.5,49,NA
-85,49,-999999
-84.5,49,NA
-84,49,-999999
-83.5,49,NA
-83,49,-999999
-82.5,49,NA
-82,49,-999999
-81.5,49,NA
-81,49,-999999
-80.5,49,NA
-80,49,-999999
-79.5,49,NA
-79,49,-999999
-78.5,49,NA
-78,49,-999999
-77.5,49,NA
-77,49,-999999
-76.5,49,NA
-76,49,-999999
-75.5,49,NA
-75,49,-999999
-74.5,49,NA
-74,49,-999999
-73.5,49,NA
-73,49,-999999
-72.5,49,NA
-72,49,-999999
-71.5,49,NA
-71,49,-999999
-70.5,49,NA
-70,49,-999999
-69.5,49,NA
-69,49,-999999
-68.5,49,NA
-68,49,-999999
-67.5,49,NA
-67,49,-999999
