lon,lat,next_t_ecl,next_t_ecl2
-125,24,10188446416.467073,2292-11-09
-124,24,8690768058.64074,2245-05-26
-123,24,8690768045.057148,2245-05-26
-122,24,10231885704.883905,2294-03-27
-121,24,10231885710.854383,2294-03-27
-120,24,10231885718.805094,2294-03-27
-119,24,12673560409.334192,2371-08-11
-118,24,12673560532.948408,2371-08-11
-117,24,10142578148.554422,2291-05-28
-116,24,8001935705.166958,2223-07-28
-115,24,8001935748.663805,2223-07-28
-114,24,8001935789.722243,2223-07-28
-113,24,7177826879.27747,2197-06-15
-112,24,7177827001.055445,2197-06-15
-111,24,7267069586.778411,2200-04-14
-110,24,12058730003.202202,2352-02-16
-109,24,2715292425.5137997,2056-01-16
-108,24,2715292459.538077,2056-01-16
-107,24,2715292491.13179,2056-01-16
-106,24,1712599912.722467,2024-04-08
-105,24,1712600010.4390965,2024-04-08
-104,24,5111134515.760241,2131-12-19
-103,24,5111134594.30228,2131-12-19
-102,24,5111134676.618954,2131-12-19
-101,24,2595436607.3193893,2052-03-30
-100,24,2595436748.5876637,2052-03-30
-99,24,2595436890.406971,2052-03-30
-98,24,14291223158.490784,2422-11-14
-97,24,14291223290.952707,2422-11-14
-96,24,3210250891.9793396,2071-09-23
-95,24,3210251013.5614605,2071-09-23
-94,24,3210251137.144536,2071-09-23
-93,24,12058731417.28574,2352-02-16
-92,24,7057831959.151013,2193-08-26
-91,24,9213860911.024645,2261-12-22
-90,24,3404217295.6454916,2077-11-15
-89,24,3404217398.8469033,2077-11-15
-88,24,3404217505.0013065,2077-11-15
-87,24,8524976494.759789,2240-02-23
-86,24,8524976674.978526,2240-02-23
-85,24,8524976855.526169,2240-02-23
-84,24,8524977036.127965,2240-02-23
-83,24,8524977216.521475,2240-02-23
-82,24,10188452324.585823,2292-11-09
-81,24,10188452378.34389,2292-11-09
-80,24,10188452428.820984,2292-11-09
-79,24,7522223124.379219,2208-05-15
-78,24,2386172757.9733057,2045-08-12
-77,24,2386172867.922619,2045-08-12
-76,24,2386172976.040962,2045-08-12
-75,24,2386173082.336141,2045-08-12
-74,24,11280510779.540625,2327-06-20
-73,24,11280510783.889626,2327-06-20
-72,24,5800006258.196918,2153-10-17
-71,24,5800006368.605693,2153-10-17
-70,24,9918093447.925226,2284-04-16
-69,24,23754519224.286816,2722-10-02
-68,24,5126432005.674331,2132-06-13
-67,24,5126432165.786679,2132-06-13
-66,24,5126432326.096974,2132-06-13
-125,25,10231885783.530834,2294-03-27
-124,25,10231885784.692848,2294-03-27
-123,25,10231885787.729322,2294-03-27
-122,25,8690768112.265797,2245-05-26
-121,25,10142577693.277874,2291-05-28
-120,25,10142577799.35893,2291-05-28
-119,25,10142577901.731741,2291-05-28
-118,25,8001935524.283489,2223-07-28
-117,25,8001935573.375156,2223-07-28
-116,25,8001935619.935797,2223-07-28
-115,25,8001935664.018318,2223-07-28
-114,25,10142578359.335535,2291-05-28
-113,25,10231885929.623262,2294-03-27
-112,25,17898965645.608936,2537-03-12
-111,25,17898965718.835495,2537-03-12
-110,25,26913167535.63672,2822-11-04
-109,25,5111134184.424601,2131-12-19
-108,25,5111134245.245956,2131-12-19
-107,25,2715292470.709893,2056-01-16
-106,25,2715292499.7438936,2056-01-16
-105,25,1712600127.2687182,2024-04-08
-104,25,1712600225.7301836,2024-04-08
-103,25,11895372647.539543,2346-12-13
-102,25,7506928006.60197,2207-11-20
-101,25,7506928127.44352,2207-11-20
-100,25,3419516326.416282,2078-05-11
-99,25,2595436970.081896,2052-03-30
-98,25,2595437110.605575,2052-03-30
-97,25,2595437251.376568,2052-03-30
-96,25,12538364912.325216,2367-04-29
-95,25,12538364955.777285,2367-04-29
-94,25,12538364996.187084,2367-04-29
-93,25,7057831754.346893,2193-08-26
-92,25,12538365068.191763,2367-04-29
-91,25,3404217140.772906,2077-11-15
-90,25,3404217239.6602793,2077-11-15
-89,25,3404217341.452928,2077-11-15
-88,25,9213861059.929289,2261-12-22
-87,25,8524976594.706823,2240-02-23
-86,25,8524976773.878572,2240-02-23
-85,25,8524976953.286974,2240-02-23
-84,25,8524977132.661137,2240-02-23
-83,25,8524977311.739063,2240-02-23
-82,25,8524977490.27875,2240-02-23
-81,25,8524977668.050186,2240-02-23
-80,25,7177832680.92691,2197-06-15
-79,25,2386172538.179366,2045-08-12
-78,25,2386172649.250822,2045-08-12
-77,25,2386172758.568475,2045-08-12
-76,25,2386172866.132164,2045-08-12
-75,25,7522223850.610645,2208-05-15
-74,25,7522224010.9060135,2208-05-15
-73,25,5800006053.512371,2153-10-17
-72,25,5800006162.218038,2153-10-17
-71,25,11280510851.839811,2327-06-20
-70,25,11071251618.943884,2320-11-01
-69,25,9918093671.380623,2284-04-16
-68,25,9918093795.60091,2284-04-16
-67,25,12584316552.716692,2368-10-12
-66,25,4093087719.5372386,2099-09-14
-125,26,10142577187.95746,2291-05-28
-124,26,10142577307.306238,2291-05-28
-123,26,10142577423.035002,2291-05-28
-122,26,10142577535.134293,2291-05-28
-121,26,10142577643.6054,2291-05-28
-120,26,8001935329.736124,2223-07-28
-119,26,8001935384.544436,2223-07-28
-118,26,8001935436.732003,2223-07-28
-117,26,8001935486.352655,2223-07-28
-116,26,10231885960.068842,2294-03-27
-115,26,10231885980.449219,2294-03-27
-114,26,10231886003.05988,2294-03-27
-113,26,10231886027.940693,2294-03-27
-112,26,10231886055.131453,2294-03-27
-111,26,10231886084.671747,2294-03-27
-110,26,5111134138.854218,2131-12-19
-109,26,5111134196.100578,2131-12-19
-108,26,5111134256.456235,2131-12-19
-107,26,5111134320.012116,2131-12-19
-106,26,5111134386.8639765,2131-12-19
-105,26,2715292503.3022733,2056-01-16
-104,26,1712600340.6977355,2024-04-08
-103,26,1712600439.7470071,2024-04-08
-102,26,2715292569.9839473,2056-01-16
-101,26,3210250257.774411,2071-09-23
-100,26,3210250364.060095,2071-09-23
-99,26,3210250472.612876,2071-09-23
-98,26,3419516654.222149,2078-05-11
-97,26,2595437325.250679,2052-03-30
-96,26,2595437464.1971397,2052-03-30
-95,26,2595437603.106545,2052-03-30
-94,26,7057831546.288236,2193-08-26
-93,26,3404216903.222032,2077-11-15
-92,26,3404216995.176351,2077-11-15
-91,26,3404217089.882456,2077-11-15
-90,26,3404217187.4090643,2077-11-15
-89,26,26584049365.083557,2812-05-31
-88,26,26584049534.214325,2812-05-31
-87,26,9213861072.984941,2261-12-22
-86,26,9213861127.513674,2261-12-22
-85,26,8524977049.102669,2240-02-23
-84,26,7177831915.137783,2197-06-15
-83,26,7177832096.009342,2197-06-15
-82,26,8524977581.703642,2240-02-23
-81,26,8524977757.860642,2240-02-23
-80,26,2386172319.971618,2045-08-12
-79,26,2386172431.907563,2045-08-12
-78,26,2386172542.180149,2045-08-12
-77,26,2386172650.780727,2045-08-12
-76,26,10188452474.312992,2292-11-09
-75,26,8211179071.66011,2230-03-15
-74,26,5800005853.724961,2153-10-17
-73,26,5800005960.616234,2153-10-17
-72,26,7522224371.872513,2208-05-15
-71,26,7522224522.7014675,2208-05-15
-70,26,7522224671.268596,2208-05-15
-69,26,7522224817.311939,2208-05-15
-68,26,7522224960.58837,2208-05-15
-67,26,4093087510.4368644,2099-09-14
-66,26,4093087608.896881,2099-09-14
-125,27,5815315308.970289,2154-04-12
-124,27,10142577261.488785,2291-05-28
-123,27,10142577375.588991,2291-05-28
-122,27,8001935121.59366,2223-07-28
-121,27,8001935182.213971,2223-07-28
-120,27,8001935240.128885,2223-07-28
-119,27,8001935295.392436,2223-07-28
-118,27,8690768248.800722,2245-05-26
-117,27,10231886038.22219,2294-03-27
-116,27,10231886057.366283,2294-03-27
-115,27,10231886078.705214,2294-03-27
-114,27,10231886102.278372,2294-03-27
-113,27,7223712883.158253,2198-11-28
-112,27,5111134049.252491,2131-12-19
-111,27,5111134100.158954,2131-12-19
-110,27,5111134153.9837265,2131-12-19
-109,27,5111134210.809813,2131-12-19
-108,27,5111134270.723749,2131-12-19
-107,27,5111134333.815905,2131-12-19
-106,27,7223713989.904533,2198-11-28
-105,27,7223714149.033422,2198-11-28
-104,27,3210249933.485444,2071-09-23
-103,27,1712600552.5422916,2024-04-08
-102,27,1712600652.0142124,2024-04-08
-101,27,2715292561.965926,2056-01-16
-100,27,2715292577.8963165,2056-01-16
-99,27,7177829110.985179,2197-06-15
-98,27,7177829286.515186,2197-06-15
-97,27,3419516870.766257,2078-05-11
-96,27,3419516986.3103895,2078-05-11
-95,27,2595437670.619315,2052-03-30
-94,27,2595437807.21612,2052-03-30
-93,27,2595437943.46354,2052-03-30
-92,27,3404216949.3452177,2077-11-15
-91,27,3404217042.721738,2077-11-15
-90,27,7177830763.535177,2197-06-15
-89,27,7177830951.07892,2197-06-15
-88,27,9139865690.703701,2259-08-19
-87,27,9139865685.775866,2259-08-19
-86,27,9139865682.522694,2259-08-19
-85,27,9139865680.985548,2259-08-19
-84,27,9213861181.427162,2261-12-22
-83,27,8524977495.306042,2240-02-23
-82,27,2386171989.921628,2045-08-12
-81,27,2386172103.985423,2045-08-12
-80,27,2386172216.33247,2045-08-12
-79,27,2386172327.4799256,2045-08-12
-78,27,8524978360.861315,2240-02-23
-77,27,12058733753.883286,2352-02-16
-76,27,10397677847.797684,2299-06-28
-75,27,5800005659.134586,2153-10-17
-74,27,5800005764.112089,2153-10-17
-73,27,5800005870.03298,2153-10-17
-72,27,9364331723.082596,2266-09-29
-71,27,9364331735.720425,2266-09-29
-70,27,9364331749.922401,2266-09-29
-69,27,9364331765.727102,2266-09-29
-68,27,4093087304.026075,2099-09-14
-67,27,4093087402.295226,2099-09-14
-66,27,4093087500.141446,2099-09-14
-125,28,5815315420.2809305,2154-04-12
-124,28,5815315543.075718,2154-04-12
-123,28,8001934966.540066,2223-07-28
-122,28,8001935030.2513275,2223-07-28
-121,28,8001935091.233937,2223-07-28
-120,28,12538362725.373852,2367-04-29
-119,28,10231886102.69032,2294-03-27
-118,28,10231886118.501457,2294-03-27
-117,28,10231886136.43248,2294-03-27
-116,28,7223712423.720511,2198-11-28
-115,28,7223712572.344288,2198-11-28
-114,28,5111133975.403002,2131-12-19
-113,28,5111134020.390929,2131-12-19
-112,28,5111134068.122837,2131-12-19
-111,28,5111134118.674202,2131-12-19
-110,28,5111134172.12356,2131-12-19
-109,28,5111134228.553148,2131-12-19
-108,28,9453707257.657242,2269-07-29
-107,28,3210249644.9279265,2071-09-23
-106,28,3210249733.06569,2071-09-23
-105,28,3210249823.3386264,2071-09-23
-104,28,7506927634.500387,2207-11-20
-103,28,10231886631.634945,2294-03-27
-102,28,1712600762.3312964,2024-04-08
-101,28,1712600862.0527835,2024-04-08
-100,28,2715292549.448593,2056-01-16
-99,28,2715292563.383138,2056-01-16
-98,28,2715292575.3984823,2056-01-16
-97,28,11895372959.222343,2346-12-13
-96,28,3419517085.826969,2078-05-11
-95,28,3404216647.120182,2077-11-15
-94,28,3404216731.2032504,2077-11-15
-93,28,2595438004.1678176,2052-03-30
-92,28,2595438137.6750393,2052-03-30
-91,28,2595438270.539135,2052-03-30
-90,28,2595438402.6408925,2052-03-30
-89,28,7223716414.5704,2198-11-28
-88,28,7223716533.773817,2198-11-28
-87,28,11849491677.624012,2345-06-30
-86,28,10966658408.09767,2317-07-09
-85,28,10966658452.485237,2317-07-09
-84,28,10966658494.316153,2317-07-09
-83,28,2386171776.6122236,2045-08-12
-82,28,2386171890.856022,2045-08-12
-81,28,2386172003.6888437,2045-08-12
-80,28,2386172115.077698,2045-08-12
-79,28,8524978270.892581,2240-02-23
-78,28,8524978439.398487,2240-02-23
-77,28,8524978606.230211,2240-02-23
-76,28,5800005470.011532,2153-10-17
-75,28,5800005572.9867935,2153-10-17
-74,28,5800005676.930989,2153-10-17
-73,28,10351803322.17176,2298-01-13
-72,28,8211179482.165267,2230-03-15
-71,28,10188452499.228327,2292-11-09
-70,28,10188452523.324877,2292-11-09
-69,28,4093087100.721967,2099-09-14
-68,28,4093087198.650706,2099-09-14
-67,28,4093087296.2016554,2099-09-14
-66,28,4093087393.3692636,2099-09-14
-125,29,5815315527.444341,2154-04-12
-124,29,5815315648.083758,2154-04-12
-123,29,5815315769.160511,2154-04-12
-122,29,5815315890.594895,2154-04-12
-121,29,18348041597.211784,2551-06-05
-120,29,18348041595.11797,2551-06-05
-119,29,7223711993.65646,2198-11-28
-118,29,7223712133.894081,2198-11-28
-117,29,7223712276.571803,2198-11-28
-116,29,5111133916.337662,2131-12-19
-115,29,5111133955.7963085,2131-12-19
-114,29,5111133997.83917,2131-12-19
-113,29,5111134042.535891,2131-12-19
-112,29,5111134089.955549,2131-12-19
-111,29,3210249314.843376,2071-09-23
-110,29,3210249391.318278,2071-09-23
-109,29,3210249470.2598734,2071-09-23
-108,29,3210249551.66084,2071-09-23
-107,29,7506927276.4349785,2207-11-20
-106,29,7506927379.778655,2207-11-20
-105,29,10231886642.237906,2294-03-27
-104,29,10231886692.134033,2294-03-27
-103,29,10231886744.637148,2294-03-27
-102,29,10231886799.81629,2294-03-27
-101,29,1712600969.5927753,2024-04-08
-100,29,1712601069.3835034,2024-04-08
-99,29,10231886981.611883,2294-03-27
-98,29,7267070542.916415,2200-04-14
-97,29,3404216454.3479023,2077-11-15
-96,29,3404216532.182242,2077-11-15
-95,29,3404216612.51349,2077-11-15
-94,29,3404216695.33529,2077-11-15
-93,29,3419517534.7282157,2078-05-11
-92,29,3419517655.432087,2078-05-11
-91,29,2595438324.108468,2052-03-30
-90,29,2595438453.8552194,2052-03-30
-89,29,2595438582.6921387,2052-03-30
-88,29,2595438710.505125,2052-03-30
-87,29,7223716607.882447,2198-11-28
-86,29,7223716719.649654,2198-11-28
-85,29,7223716828.053331,2198-11-28
-84,29,2386171567.0918555,2045-08-12
-83,29,2386171681.210448,2045-08-12
-82,29,2386171794.0546155,2045-08-12
-81,29,2386171905.5817113,2045-08-12
-80,29,8524978180.485387,2240-02-23
-79,29,8524978348.4354315,2240-02-23
-78,29,8524978514.827288,2240-02-23
-77,29,5800005286.597842,2153-10-17
-76,29,5800005387.4920845,2153-10-17
-75,29,5800005489.377068,2153-10-17
-74,29,10351803317.944586,2298-01-13
-73,29,12058734468.66899,2352-02-16
-72,29,10397678059.195692,2299-06-28
-71,29,8211179629.761529,2230-03-15
-70,29,4093086900.9341555,2099-09-14
-69,29,4093086998.3704,2099-09-14
-68,29,4093087095.4772563,2099-09-14
-67,29,4093087192.2470794,2099-09-14
-66,29,12898098115.115837,2378-09-22
-125,30,8001934644.321535,2223-07-28
-124,30,26150315492.236435,2798-09-02
-123,30,5815315867.632759,2154-04-12
-122,30,5815315986.646879,2154-04-12
-121,30,5815316105.832513,2154-04-12
-120,30,7223711861.117287,2198-11-28
-119,30,7223711997.32033,2198-11-28
-118,30,5111133871.153195,2131-12-19
-117,30,5111133905.442569,2131-12-19
-116,30,5111133942.169386,2131-12-19
-115,30,3210249038.367346,2071-09-23
-114,30,3210249103.7083716,2071-09-23
-113,30,3210249171.4186864,2071-09-23
-112,30,3210249241.57598,2071-09-23
-111,30,9453706749.718939,2269-07-29
-110,30,9453706834.038376,2269-07-29
-109,30,14291222002.639116,2422-11-14
-108,30,7506927142.596115,2207-11-20
-107,30,7506927242.274875,2207-11-20
-106,30,10231886706.788027,2294-03-27
-105,30,10231886754.945883,2294-03-27
-104,30,10231886805.694954,2294-03-27
-103,30,10231886859.065657,2294-03-27
-102,30,10231886915.087118,2294-03-27
-101,30,10231886973.787344,2294-03-27
-100,30,1712601173.8571272,2024-04-08
-99,30,1712601273.5303745,2024-04-08
-98,30,1712601373.9401295,2024-04-08
-97,30,3404216425.749788,2077-11-15
-96,30,3404216502.399744,2077-11-15
-95,30,3404216581.510721,2077-11-15
-94,30,8481535288.470438,2238-10-08
-93,30,3419517626.143853,2078-05-11
-92,30,3419517745.175515,2078-05-11
-91,30,3419517865.830624,2078-05-11
-90,30,3419517988.0148335,2078-05-11
-89,30,3419518111.6770477,2078-05-11
-88,30,2595438754.3239174,2052-03-30
-87,30,2595438878.543079,2052-03-30
-86,30,2386171247.217147,2045-08-12
-85,30,2386171361.9730725,2045-08-12
-84,30,2386171475.658555,2045-08-12
-83,30,2386171588.2150965,2045-08-12
-82,30,7223717086.775645,2198-11-28
-81,30,8481535928.290142,2238-10-08
-80,30,8481535959.217876,2238-10-08
-79,30,8481535987.749124,2238-10-08
-78,30,5800005109.10848,2153-10-17
-77,30,5800005207.851739,2153-10-17
-76,30,5800005307.604165,2153-10-17
-75,30,8481536078.805158,2238-10-08
-74,30,8481536096.024577,2238-10-08
-73,30,8481536111.114055,2238-10-08
-72,30,9139865951.454689,2259-08-19
-71,30,4093086705.06143,2099-09-14
-70,30,4093086801.8512487,2099-09-14
-69,30,4093086898.3635798,2099-09-14
-68,30,4093086994.588244,2099-09-14
-67,30,12898098000.284838,2378-09-22
-66,30,13931475343.239931,2411-06-21
-125,31,4781947993.445577,2121-07-14
-124,31,7223711355.852194,2198-11-28
-123,31,7223711479.630521,2198-11-28
-122,31,5815316078.412585,2154-04-12
-121,31,3210248710.1733503,2071-09-23
-120,31,3210248760.246424,2071-09-23
-119,31,3210248812.7200084,2071-09-23
-118,31,3210248867.304464,2071-09-23
-117,31,3210248924.320489,2071-09-23
-116,31,5111133970.868124,2131-12-19
-115,31,5111134009.887104,2131-12-19
-114,31,5111134051.453646,2131-12-19
-113,31,27408153224.70801,2838-07-12
-112,31,8690768625.108759,2245-05-26
-111,31,8690768633.477451,2245-05-26
-110,31,14291221939.371786,2422-11-14
-109,31,6175054639.729482,2165-09-05
-108,31,6175054526.835828,2165-09-05
-107,31,6175054523.805669,2165-09-05
-106,31,6175054522.589824,2165-09-05
-105,31,6175054523.229933,2165-09-05
-104,31,6175054525.768482,2165-09-05
-103,31,6175054530.248764,2165-09-05
-102,31,6175054536.715235,2165-09-05
-101,31,6175054545.212915,2165-09-05
-100,31,8481534723.587201,2238-10-08
-99,31,1712601374.6607854,2024-04-08
-98,31,1712601474.0248413,2024-04-08
-97,31,1712601574.0523815,2024-04-08
-96,31,3404216476.2261987,2077-11-15
-95,31,8481535114.815697,2238-10-08
-94,31,7267070984.644296,2200-04-14
-93,31,8481535250.668873,2238-10-08
-92,31,8481535314.252355,2238-10-08
-91,31,3419517951.4306827,2078-05-11
-90,31,3419518071.658838,2078-05-11
-89,31,3419518193.2504134,2078-05-11
-88,31,2386170933.288534,2045-08-12
-87,31,2386171047.981213,2045-08-12
-86,31,2386171161.8376064,2045-08-12
-85,31,2386171274.7844887,2045-08-12
-84,31,2386171386.7541895,2045-08-12
-83,31,2595439391.0908923,2052-03-30
-82,31,2595439505.6376457,2052-03-30
-81,31,7223717132.802433,2198-11-28
-80,31,7223717223.560339,2198-11-28
-79,31,5800004937.732625,2153-10-17
-78,31,5800005034.2629,2153-10-17
-77,31,5800005131.8183155,2153-10-17
-76,31,8481535967.4214525,2238-10-08
-75,31,8481535987.580587,2238-10-08
-74,31,8481536005.524566,2238-10-08
-73,31,8481536021.416935,2238-10-08
-72,31,4093086513.4896264,2099-09-14
-71,31,4093086609.4782023,2099-09-14
-70,31,4093086705.2444906,2099-09-14
-69,31,4093086800.7756157,2099-09-14
-68,31,6175056282.78607,2165-09-05
-67,31,6175056387.718472,2165-09-05
-66,31,4468162483.216587,2111-08-04
-125,32,3210248551.361418,2071-09-23
-124,32,3210248591.691032,2071-09-23
-123,32,4781948089.224699,2121-07-14
-122,32,5111133819.109583,2131-12-19
-121,32,5111133844.0363035,2131-12-19
-120,32,5111133871.140924,2131-12-19
-119,32,5111133900.612822,2131-12-19
-118,32,5111133932.098671,2131-12-19
-117,32,5111133966.064127,2131-12-19
-116,32,5111134002.432629,2131-12-19
-115,32,7432954896.165325,2205-07-17
-114,32,18348041867.989834,2551-06-05
-113,32,9453706308.458809,2269-07-29
-112,32,9453706398.41825,2269-07-29
-111,32,7506926807.463191,2207-11-20
-110,32,7506926897.685595,2207-11-20
-109,32,6175054569.234994,2165-09-05
-108,32,6175054564.574509,2165-09-05
-107,32,6175054561.666417,2165-09-05
-106,32,6175054560.550149,2165-09-05
-105,32,6175054561.266298,2165-09-05
-104,32,6175054563.860933,2165-09-05
-103,32,6175054568.380644,2165-09-05
-102,32,6175054574.824342,2165-09-05
-101,32,3404216105.17973,2077-11-15
-100,32,3404216170.292352,2077-11-15
-99,32,3404216237.6548514,2077-11-15
-98,32,1712601571.5504436,2024-04-08
-97,32,1712601670.4152868,2024-04-08
-96,32,1712601769.8549807,2024-04-08
-95,32,6175054678.661076,2165-09-05
-94,32,6175054702.42369,2165-09-05
-93,32,6175054728.562635,2165-09-05
-92,32,6175054757.127075,2165-09-05
-91,32,6175054788.166536,2165-09-05
-90,32,2386170627.3531585,2045-08-12
-89,32,2386170741.252963,2045-08-12
-88,32,2386170854.574296,2045-08-12
-87,32,2386170967.229569,2045-08-12
-86,32,2386171079.138236,2045-08-12
-85,32,3419518760.7059956,2078-05-11
-84,32,6175055078.899299,2165-09-05
-83,32,2595439417.6787987,2052-03-30
-82,32,2595439529.852562,2052-03-30
-81,32,2595439640.311307,2052-03-30
-80,32,2595439748.985712,2052-03-30
-79,32,2595439855.788231,2052-03-30
-78,32,5800004962.1990385,2153-10-17
-77,32,6175055509.699054,2165-09-05
-76,32,6175055583.499257,2165-09-05
-75,32,6175055660.456716,2165-09-05
-74,32,6175055740.592672,2165-09-05
-73,32,4093086326.5884876,2099-09-14
-72,32,4093086421.6211243,2099-09-14
-71,32,4093086516.489771,2099-09-14
-70,32,6175056093.181104,2165-09-05
-69,32,6175056189.324095,2165-09-05
-68,32,6175056288.669241,2165-09-05
-67,32,4468162308.8695545,2111-08-04
-66,32,4468162368.4294405,2111-08-04
-125,33,4302350819.342588,2106-05-03
-124,33,4302350896.756773,2106-05-03
-123,33,5111133831.412071,2131-12-19
-122,33,4781948170.330475,2121-07-14
-121,33,4781948196.749443,2121-07-14
-120,33,4781948225.655381,2121-07-14
-119,33,4781948257.147063,2121-07-14
-118,33,5111133966.800836,2131-12-19
-117,33,5815316803.94142,2154-04-12
-116,33,5815316913.514392,2154-04-12
-115,33,5815317022.362725,2154-04-12
-114,33,7432954957.141538,2205-07-17
-113,33,7432954955.975702,2205-07-17
-112,33,7506926699.684778,2207-11-20
-111,33,7506926786.4555,2207-11-20
-110,33,14291221981.08172,2422-11-14
-109,33,8690768855.522476,2245-05-26
-108,33,8884729597.488419,2251-07-19
-107,33,8481533835.004414,2238-10-08
-106,33,6175054600.392419,2165-09-05
-105,33,6175054601.194829,2165-09-05
-104,33,6175054603.845549,2165-09-05
-103,33,3404215969.9019284,2077-11-15
-102,33,3404216029.634616,2077-11-15
-101,33,3404216091.5246844,2077-11-15
-100,33,3404216155.6077404,2077-11-15
-99,33,3404216221.921322,2077-11-15
-98,33,6175054660.892553,2165-09-05
-97,33,1712601764.0871584,2024-04-08
-96,33,1712601862.246473,2024-04-08
-95,33,1712601960.9070926,2024-04-08
-94,33,6175054741.305475,2165-09-05
-93,33,6175054767.122232,2165-09-05
-92,33,2386170331.374036,2045-08-12
-91,33,2386170443.749286,2045-08-12
-90,33,2386170555.817397,2045-08-12
-89,33,2386170667.4802394,2045-08-12
-88,33,2386170778.6459208,2045-08-12
-87,33,2386170889.228785,2045-08-12
-86,33,3419518706.6517725,2078-05-11
-85,33,3419518827.552344,2078-05-11
-84,33,3419518949.081156,2078-05-11
-83,33,3419519071.1073294,2078-05-11
-82,33,3419519193.4974117,2078-05-11
-81,33,5800004613.955866,2153-10-17
-80,33,2595439766.08222,2052-03-30
-79,33,2595439870.619734,2052-03-30
-78,33,2595439973.253375,2052-03-30
-77,33,2595440073.922353,2052-03-30
-76,33,2595440172.5628557,2052-03-30
-75,33,2595440269.1203685,2052-03-30
-74,33,4093086144.708726,2099-09-14
-73,33,4093086238.6324167,2099-09-14
-72,33,4093086332.452628,2099-09-14
-71,33,6175056015.145397,2165-09-05
-70,33,6175056106.032694,2165-09-05
-69,33,4468162063.730188,2111-08-04
-68,33,4468162129.596175,2111-08-04
-67,33,4468162192.595552,2111-08-04
-66,33,4468162252.795065,2111-08-04
-125,34,4302350919.440254,2106-05-03
-124,34,4302350996.717888,2106-05-03
-123,34,4302351076.495207,2106-05-03
-122,34,5111133891.946243,2131-12-19
-121,34,5111133916.766104,2131-12-19
-120,34,5111133943.733288,2131-12-19
-119,34,4781948315.943768,2121-07-14
-118,34,4781948350.003007,2121-07-14
-117,34,4781948386.720409,2121-07-14
-116,34,4781948426.163366,2121-07-14
-115,34,5815317082.224078,2154-04-12
-114,34,5815317187.310815,2154-04-12
-113,34,5815317291.408621,2154-04-12
-112,34,5815317394.403717,2154-04-12
-111,34,7432955025.754242,2205-07-17
-110,34,7432955030.007166,2205-07-17
-109,34,8481533510.585332,2238-10-08
-108,34,8481533619.8193,2238-10-08
-107,34,8481533726.514758,2238-10-08
-106,34,8481533830.609909,2238-10-08
-105,34,8481533932.051523,2238-10-08
-104,34,3404215904.9557104,2077-11-15
-103,34,3404215961.6221504,2077-11-15
-102,34,3404216020.3930645,2077-11-15
-101,34,3404216081.3010426,2077-11-15
-100,34,3404216144.3826957,2077-11-15
-99,34,9379715751.227962,2267-03-26
-98,34,9379715748.06286,2267-03-26
-97,34,9379715746.386345,2267-03-26
-96,34,1712601951.850976,2024-04-08
-95,34,1712602049.114138,2024-04-08
-94,34,1712602146.7912986,2024-04-08
-93,34,2386170157.302238,2045-08-12
-92,34,2386170267.4147367,2045-08-12
-91,34,2386170377.389839,2045-08-12
-90,34,2386170487.1275663,2045-08-12
-89,34,2386170596.53337,2045-08-12
-88,34,6175054971.059771,2165-09-05
-87,34,6175055011.226602,2165-09-05
-86,34,6175055053.992011,2165-09-05
-85,34,3419518891.7626977,2078-05-11
-84,34,3419519010.6189027,2078-05-11
-83,34,3419519129.8934517,2078-05-11
-82,34,3419519249.4575186,2078-05-11
-81,34,3419519369.177167,2078-05-11
-80,34,3419519488.9121847,2078-05-11
-79,34,13436490947.00709,2395-10-14
-78,34,13436490964.462719,2395-10-14
-77,34,13931474871.888716,2411-06-21
-76,34,2595440178.5187273,2052-03-30
-75,34,2595440273.009343,2052-03-30
-74,34,2595440365.41532,2052-03-30
-73,34,2595440455.696584,2052-03-30
-72,34,2595440543.8087597,2052-03-30
-71,34,2595440629.7174067,2052-03-30
-70,34,4468161876.45476,2111-08-04
-69,34,4468161945.6375675,2111-08-04
-68,34,4468162012.094982,2111-08-04
-67,34,4468162075.642012,2111-08-04
-66,34,4781954255.430641,2121-07-14
-125,35,5111133870.366919,2131-12-19
-124,35,5111133889.061567,2131-12-19
-123,35,4302351176.088269,2106-05-03
-122,35,4302351258.094865,2106-05-03
-121,35,4302351342.542204,2106-05-03
-120,35,14291221435.77299,2422-11-14
-119,35,14291221483.658789,2422-11-14
-118,35,14291221534.064873,2422-11-14
-117,35,14291221587.042738,2422-11-14
-116,35,4781948485.9394655,2121-07-14
-115,35,4781948527.915541,2121-07-14
-114,35,4781948572.759232,2121-07-14
-113,35,4781948620.322966,2121-07-14
-112,35,4781948670.884429,2121-07-14
-111,35,5815317540.485765,2154-04-12
-110,35,5815317638.040094,2154-04-12
-109,35,5815317734.167475,2154-04-12
-108,35,7432955113.798303,2205-07-17
-107,35,13436489423.548807,2395-10-14
-106,35,3404215795.566523,2077-11-15
-105,35,3404215847.246267,2077-11-15
-104,35,3404215900.947605,2077-11-15
-103,35,3404215956.7003503,2077-11-15
-102,35,3404216014.5372925,2077-11-15
-101,35,8884729622.086838,2251-07-19
-100,35,8884729617.678532,2251-07-19
-99,35,9379715860.241411,2267-03-26
-98,35,9379715857.985218,2267-03-26
-97,35,9379715857.215477,2267-03-26
-96,35,2386169776.289137,2045-08-12
-95,35,2386169883.550635,2045-08-12
-94,35,1712602230.6193695,2024-04-08
-93,35,1712602327.1176994,2024-04-08
-92,35,1712602423.9035354,2024-04-08
-91,35,2386170313.8861403,2045-08-12
-90,35,9379715894.949854,2267-03-26
-89,35,9379715906.699417,2267-03-26
-88,35,9379715920.083332,2267-03-26
-87,35,9379715935.114834,2267-03-26
-86,35,7267072001.071975,2200-04-14
-85,35,9379715970.164331,2267-03-26
-84,35,5800004230.183093,2153-10-17
-83,35,5800004316.303889,2153-10-17
-82,35,3419519302.793822,2078-05-11
-81,35,3419519419.6347895,2078-05-11
-80,35,3419519536.4371734,2078-05-11
-79,35,3419519653.064704,2078-05-11
-78,35,3419519769.3786173,2078-05-11
-77,35,3419519885.2372527,2078-05-11
-76,35,3419520000.4983053,2078-05-11
-75,35,4093085888.5626597,2099-09-14
-74,35,4093085979.8462124,2099-09-14
-73,35,4468161531.000508,2111-08-04
-72,35,2595440539.617634,2052-03-30
-71,35,2595440623.7004204,2052-03-30
-70,35,2595440705.606514,2052-03-30
-69,35,2595440785.305056,2052-03-30
-68,35,2595440862.7873955,2052-03-30
-67,35,2595440938.0216284,2052-03-30
-66,35,2595441010.996972,2052-03-30
-125,36,8930644300.07582,2252-12-31
-124,36,5111133932.262097,2131-12-19
-123,36,14245262564.012089,2421-05-31
-122,36,13482441526.095732,2397-03-29
-121,36,4302351441.006245,2106-05-03
-120,36,4302351527.477552,2106-05-03
-119,36,4302351616.31328,2106-05-03
-118,36,4302351707.637911,2106-05-03
-117,36,9453705408.8936615,2269-07-29
-116,36,7506926344.918527,2207-11-20
-115,36,7506926419.718523,2207-11-20
-114,36,8481532722.420104,2238-10-08
-113,36,8481532841.323341,2238-10-08
-112,36,4781948730.459081,2121-07-14
-111,36,4781948783.447649,2121-07-14
-110,36,4781948839.465008,2121-07-14
-109,36,4781948898.405665,2121-07-14
-108,36,3404215700.795281,2077-11-15
-107,36,3404215747.7157264,2077-11-15
-106,36,3404215796.579674,2077-11-15
-105,36,3404215847.415246,2077-11-15
-104,36,3404215900.2515717,2077-11-15
-103,36,3404215955.119309,2077-11-15
-102,36,6295024820.333679,2169-06-25
-101,36,6295024793.904411,2169-06-25
-100,36,8884729673.404482,2251-07-19
-99,36,2386169416.8895974,2045-08-12
-98,36,2386169520.0931015,2045-08-12
-97,36,2386169623.8900843,2045-08-12
-96,36,2386169728.173566,2045-08-12
-95,36,2386169832.834837,2045-08-12
-94,36,2386169937.771826,2045-08-12
-93,36,1712602406.3973336,2024-04-08
-92,36,1712602501.5278578,2024-04-08
-91,36,1712602596.8510985,2024-04-08
-90,36,9379716013.315456,2267-03-26
-89,36,9379716025.915106,2267-03-26
-88,36,9379716040.141018,2267-03-26
-87,36,9379716056.005428,2267-03-26
-86,36,9379716073.519634,2267-03-26
-85,36,5800004093.809944,2153-10-17
-84,36,5800004177.501866,2153-10-17
-83,36,5800004262.280324,2153-10-17
-82,36,9379716160.259539,2267-03-26
-81,36,9379716186.15125,2267-03-26
-80,36,9379716213.73541,2267-03-26
-79,36,3419519695.079765,2078-05-11
-78,36,3419519808.4101095,2078-05-11
-77,36,3419519921.260594,2078-05-11
-76,36,3419520033.492896,2078-05-11
-75,36,3419520144.9871616,2078-05-11
-74,36,3419520255.596459,2078-05-11
-73,36,3419520365.194094,2078-05-11
-72,36,3419520473.6513615,2078-05-11
-71,36,3419520580.8426933,2078-05-11
-70,36,7223717675.24431,2198-11-28
-69,36,7223717732.356855,2198-11-28
-68,36,7223717786.898141,2198-11-28
-67,36,5516790231.871194,2144-10-26
-66,36,2595440994.704363,2052-03-30
-125,37,8930644283.90218,2252-12-31
-124,37,8930644368.97293,2252-12-31
-123,37,13602295983.074512,2401-01-14
-122,37,13482441635.839655,2397-03-29
-121,37,13482441716.196732,2397-03-29
-120,37,13482441797.346806,2397-03-29
-119,37,4302351712.979544,2106-05-03
-118,37,4302351803.545618,2106-05-03
-117,37,4302351896.459175,2106-05-03
-116,37,4302351991.755541,2106-05-03
-115,37,8481532500.938706,2238-10-08
-114,37,8481532620.720595,2238-10-08
-113,37,8481532738.516577,2238-10-08
-112,37,19605887836.334824,2591-04-14
-111,37,19605887876.97061,2591-04-14
-110,37,13436488913.271431,2395-10-14
-109,37,3404215662.367165,2077-11-15
-108,37,3404215706.617096,2077-11-15
-107,37,3404215752.7636976,2077-11-15
-106,37,3404215800.831592,2077-11-15
-105,37,3404215850.8509145,2077-11-15
-104,37,4781949294.317862,2121-07-14
-103,37,2386168985.38021,2045-08-12
-102,37,2386169082.4706106,2045-08-12
-101,37,2386169180.5778637,2045-08-12
-100,37,2386169279.6017485,2045-08-12
-99,37,2386169379.445142,2045-08-12
-98,37,2386169479.993379,2045-08-12
-97,37,2386169581.1571436,2045-08-12
-96,37,2386169682.830742,2045-08-12
-95,37,8884729739.172462,2251-07-19
-94,37,8884729746.341282,2251-07-19
-93,37,11775520103.822365,2343-02-25
-92,37,1712602576.1159062,2024-04-08
-91,37,1712602669.699426,2024-04-08
-90,37,1712602763.3796663,2024-04-08
-89,37,1712602857.1106405,2024-04-08
-88,37,9379716161.373837,2267-03-26
-87,37,9379716178.04355,2267-03-26
-86,37,5800003964.220585,2153-10-17
-85,37,5800004045.487937,2153-10-17
-84,37,5800004127.797408,2153-10-17
-83,37,7267072472.053488,2200-04-14
-82,37,7267072561.427254,2200-04-14
-81,37,9379716312.935356,2267-03-26
-80,37,9379716341.072319,2267-03-26
-79,37,4093085385.750863,2099-09-14
-78,37,4093085473.599994,2099-09-14
-77,37,4093085561.6341577,2099-09-14
-76,37,3419520064.116065,2078-05-11
-75,37,3419520172.6199226,2078-05-11
-74,37,3419520280.2477436,2078-05-11
-73,37,3419520386.876616,2078-05-11
-72,37,3419520492.3860416,2078-05-11
-71,37,3419520596.4552016,2078-05-11
-70,37,3419520699.580653,2078-05-11
-69,37,3419520801.0429873,2078-05-11
-68,37,3419520900.9412584,2078-05-11
-67,37,3419520999.176614,2078-05-11
-66,37,3419521095.655994,2078-05-11
-125,38,4422215179.5482,2110-02-19
-124,38,4422215206.900294,2110-02-19
-123,38,4422215232.584202,2110-02-19
-122,38,8930644510.110931,2252-12-31
-121,38,13482441823.713871,2397-03-29
-120,38,9453704856.387466,2269-07-29
-119,38,7506926132.589806,2207-11-20
-118,38,7506926199.323501,2207-11-20
-117,38,4302351990.624788,2106-05-03
-116,38,4302352084.905307,2106-05-03
-115,38,4302352181.459199,2106-05-03
-114,38,4302352280.2765665,2106-05-03
-113,38,10966655331.330612,2317-07-09
-112,38,10966655449.309937,2317-07-09
-111,38,3404215590.554841,2077-11-15
-110,38,3404215630.4057612,2077-11-15
-109,38,3404215672.2857995,2077-11-15
-108,38,3404215715.604897,2077-11-15
-107,38,2386168595.0421543,2045-08-12
-106,38,2386168684.5947967,2045-08-12
-105,38,2386168775.508003,2045-08-12
-104,38,2386168867.6974044,2045-08-12
-103,38,2386168961.0768213,2045-08-12
-102,38,2386169055.5522695,2045-08-12
-101,38,2386169151.035437,2045-08-12
-100,38,2386169247.4311323,2045-08-12
-99,38,2386169344.6442842,2045-08-12
-98,38,4781949849.490589,2121-07-14
-97,38,4781949944.118883,2121-07-14
-96,38,4781950041.938389,2121-07-14
-95,38,4781950142.928225,2121-07-14
-94,38,4781950247.057292,2121-07-14
-93,38,5815318993.602124,2154-04-12
-92,38,8884729827.997086,2251-07-19
-91,38,8884729841.31538,2251-07-19
-90,38,1712602831.3452199,2024-04-08
-89,38,1712602923.2152104,2024-04-08
-88,38,1712603015.0403008,2024-04-08
-87,38,1712603106.7693546,2024-04-08
-86,38,5800003920.220381,2153-10-17
-85,38,5800004000.0953455,2153-10-17
-84,38,4781951445.307642,2121-07-14
-83,38,4781951578.29131,2121-07-14
-82,38,4781951713.030672,2121-07-14
-81,38,4093085149.564536,2099-09-14
-80,38,4093085235.2565675,2099-09-14
-79,38,4093085321.236387,2099-09-14
-78,38,4093085407.469434,2099-09-14
-77,38,4468160827.932425,2111-08-04
-76,38,4468160918.438713,2111-08-04
-75,38,4468161005.9473915,2111-08-04
-74,38,4468161090.498451,2111-08-04
-73,38,5815319689.787404,2154-04-12
-72,38,5516789514.998357,2144-10-26
-71,38,3419520610.3788433,2078-05-11
-70,38,3419520710.4701133,2078-05-11
-69,38,3419520809.145337,2078-05-11
-68,38,3419520906.3066287,2078-05-11
-67,38,3419521001.8612103,2078-05-11
-66,38,3419521095.721373,2078-05-11
-125,39,2401491246.617353,2046-02-06
-124,39,8973984504.76141,2254-05-17
-123,39,25326231919.500175,2772-07-22
-122,39,8930644486.436749,2252-12-31
-121,39,4422215241.862446,2110-02-19
-120,39,4422215261.747914,2110-02-19
-119,39,4422215280.264531,2110-02-19
-118,39,8481531944.182764,2238-10-08
-117,39,8481532065.50349,2238-10-08
-116,39,10966654911.747494,2317-07-09
-115,39,2386167942.6131845,2045-08-12
-114,39,2386168016.6770353,2045-08-12
-113,39,2386168092.564976,2045-08-12
-112,39,2386168170.2296124,2045-08-12
-111,39,2386168249.6192036,2045-08-12
-110,39,2386168330.6773844,2045-08-12
-109,39,2386168413.3437634,2045-08-12
-108,39,2386168497.5536466,2045-08-12
-107,39,2386168583.243063,2045-08-12
-106,39,2386168670.324667,2045-08-12
-105,39,2386168758.737625,2045-08-12
-104,39,2386168848.3977704,2045-08-12
-103,39,2386168939.223148,2045-08-12
-102,39,2475487695.872569,2048-06-11
-101,39,2475487664.6052675,2048-06-11
-100,39,2475487634.3162346,2048-06-11
-99,39,2475487605.0162125,2048-06-11
-98,39,2475487576.7369046,2048-06-11
-97,39,2475487549.4969397,2048-06-11
-96,39,5815318809.311351,2154-04-12
-95,39,5815318869.364214,2154-04-12
-94,39,5815318927.322942,2154-04-12
-93,39,5815318983.16412,2154-04-12
-92,39,5815319036.886138,2154-04-12
-91,39,5815319088.488553,2154-04-12
-90,39,5815319137.943727,2154-04-12
-89,39,3899184811.4872947,2093-07-23
-88,39,1712603076.1245399,2024-04-08
-87,39,1712603165.6938791,2024-04-08
-86,39,1712603255.4723904,2024-04-08
-85,39,3899184716.426656,2093-07-23
-84,39,5815319389.879597,2154-04-12
-83,39,5815319424.477759,2154-04-12
-82,39,4093085007.8155966,2099-09-14
-81,39,4093085091.4618134,2099-09-14
-80,39,4093085175.460674,2099-09-14
-79,39,4093085259.7773356,2099-09-14
-78,39,4468160616.986033,2111-08-04
-77,39,4468160710.026044,2111-08-04
-76,39,4468160800.119219,2111-08-04
-75,39,3450161029.323265,2079-05-01
-74,39,3450161005.352363,2079-05-01
-73,39,5516789340.226462,2144-10-26
-72,39,5516789456.500867,2144-10-26
-71,39,5516789572.232567,2144-10-26
-70,39,5516789687.30211,2144-10-26
-69,39,5516789801.590244,2144-10-26
-68,39,5516789914.980134,2144-10-26
-67,39,5815319710.844421,2154-04-12
-66,39,5815319713.35517,2154-04-12
-125,40,2386167333.9162645,2045-08-12
-124,40,2386167386.7793856,2045-08-12
-123,40,2386167441.6349726,2045-08-12
-122,40,2386167498.4762654,2045-08-12
-121,40,2386167557.293206,2045-08-12
-120,40,2386167618.072398,2045-08-12
-119,40,2386167680.796741,2045-08-12
-118,40,2386167745.445515,2045-08-12
-117,40,2386167811.994098,2045-08-12
-116,40,2386167880.414045,2045-08-12
-115,40,2386167950.678681,2045-08-12
-114,40,2386168022.7410135,2045-08-12
-113,40,2386168096.554655,2045-08-12
-112,40,2386168172.0924063,2045-08-12
-111,40,2386168249.2972984,2045-08-12
-110,40,2386168328.116062,2045-08-12
-109,40,2386168408.4916472,2045-08-12
-108,40,2386168490.36314,2045-08-12
-107,40,2386168573.6659274,2045-08-12
-106,40,22361403933.590252,2678-08-09
-105,40,22361403940.43592,2678-08-09
-104,40,13885501041.410923,2410-01-05
-103,40,12584310441.837385,2368-10-12
-102,40,2475487767.2863436,2048-06-11
-101,40,2475487736.8721457,2048-06-11
-100,40,2475487707.4337616,2048-06-11
-99,40,2475487678.992073,2048-06-11
-98,40,2475487651.593992,2048-06-11
-97,40,2475487625.18456,2048-06-11
-96,40,2475487599.8630314,2048-06-11
-95,40,2475487575.626792,2048-06-11
-94,40,7432955822.254287,2205-07-17
-93,40,6578242235.465428,2178-06-16
-92,40,5815319022.516672,2154-04-12
-91,40,5815319072.599321,2154-04-12
-90,40,3899184905.3919954,2093-07-23
-89,40,3899184879.5910892,2093-07-23
-88,40,3899184854.901262,2093-07-23
-87,40,1712603221.9151392,2024-04-08
-86,40,1712603309.4928174,2024-04-08
-85,40,1712603396.7910767,2024-04-08
-84,40,1712603483.7612748,2024-04-08
-83,40,3899184749.01284,2093-07-23
-82,40,4093084954.5107155,2099-09-14
-81,40,4093085036.4279537,2099-09-14
-80,40,4468160307.036678,2111-08-04
-79,40,4468160405.249784,2111-08-04
-78,40,4468160500.559065,2111-08-04
-77,40,5516788824.8711,2144-10-26
-76,40,3450161138.174817,2079-05-01
-75,40,3450161113.9991283,2079-05-01
-74,40,3450161090.772982,2079-05-01
-73,40,3450161068.4171185,2079-05-01
-72,40,3450161046.9425216,2079-05-01
-71,40,3450161026.3609796,2079-05-01
-70,40,10877406253.3255,2314-09-10
-69,40,10877406270.659866,2314-09-10
-68,40,10877406286.265533,2314-09-10
-67,40,10877406300.166565,2314-09-10
-66,40,10877406312.379976,2314-09-10
-125,41,2386167359.8853855,2045-08-12
-124,41,2386167411.448373,2045-08-12
-123,41,2386167464.9366364,2045-08-12
-122,41,2386167520.3428135,2045-08-12
-121,41,2386167577.656645,2045-08-12
-120,41,2386167636.8644505,2045-08-12
-119,41,2386167697.9494543,2045-08-12
-118,41,2386167760.8912573,2045-08-12
-117,41,2386167825.665921,2045-08-12
-116,41,2386167892.245886,2045-08-12
-115,41,2386167960.5998096,2045-08-12
-114,41,2386168030.6926103,2045-08-12
-113,41,3404215571.474478,2077-11-15
-112,41,3404215605.9829607,2077-11-15
-111,41,3613431290.6294794,2084-07-03
-110,41,3613431163.3778663,2084-07-03
-109,41,4302353048.221546,2106-05-03
-108,41,4302353154.249739,2106-05-03
-107,41,4302353261.995321,2106-05-03
-106,41,11938796052.892456,2348-04-29
-105,41,11938796030.403301,2348-04-29
-104,41,11938796008.997341,2348-04-29
-103,41,12584310409.574957,2368-10-12
-102,41,12584310529.656342,2368-10-12
-101,41,12584310651.108349,2368-10-12
-100,41,2475487782.04084,2048-06-11
-99,41,2475487754.461026,2048-06-11
-98,41,2475487727.899432,2048-06-11
-97,41,2475487702.377825,2048-06-11
-96,41,2475487678.087069,2048-06-11
-95,41,2475487654.5440865,2048-06-11
-94,41,2475487632.2781444,2048-06-11
-93,41,2475487611.1446037,2048-06-11
-92,41,6578242136.644962,2178-06-16
-91,41,5800003443.799389,2153-10-17
-90,41,5800003514.024596,2153-10-17
-89,41,5800003585.36575,2153-10-17
-88,41,3899184925.435902,2093-07-23
-87,41,3899184902.665396,2093-07-23
-86,41,3899184881.053081,2093-07-23
-85,41,1712603445.7045107,2024-04-08
-84,41,1712603530.613646,2024-04-08
-83,41,1712603615.1060865,2024-04-08
-82,41,1712603699.1366103,2024-04-08
-81,41,3899184791.2917495,2093-07-23
-80,41,3899184777.1946626,2093-07-23
-79,41,5516788553.345074,2144-10-26
-78,41,5516788666.159187,2144-10-26
-77,41,3450161247.2488985,2079-05-01
-76,41,3450161223.0701118,2079-05-01
-75,41,3450161199.735497,2079-05-01
-74,41,3450161177.2572846,2079-05-01
-73,41,3450161155.736822,2079-05-01
-72,41,3450161134.914847,2079-05-01
-71,41,3450161115.0715427,2079-05-01
-70,41,3450161096.132639,2079-05-01
-69,41,3450161078.1081543,2079-05-01
-68,41,3450161061.009836,2079-05-01
-67,41,10877406190.735052,2314-09-10
-66,41,10471654328.309351,2301-11-01
-125,42,2401491193.3802247,2046-02-06
-124,42,2401491214.962767,2046-02-06
-123,42,2401491235.096635,2046-02-06
-122,42,2401491253.794703,2046-02-06
-121,42,2401491270.9130974,2046-02-06
-120,42,2401491286.9349375,2046-02-06
-119,42,2401491301.402773,2046-02-06
-118,42,2401491314.4862266,2046-02-06
-117,42,2401491326.1981726,2046-02-06
-116,42,2401491336.5516067,2046-02-06
-115,42,3404215532.895528,2077-11-15
-114,42,3404215563.547866,2077-11-15
-113,42,3613431279.444104,2084-07-03
-112,42,3613431245.245658,2084-07-03
-111,42,3613431210.2515607,2084-07-03
-110,42,3613431174.4757743,2084-07-03
-109,42,7057828213.335121,2193-08-26
-108,42,4302353229.190591,2106-05-03
-107,42,4302353334.784748,2106-05-03
-106,42,4302353441.948721,2106-05-03
-105,42,4302353550.578508,2106-05-03
-104,42,4302353660.64152,2106-05-03
-103,42,11938796084.01842,2348-04-29
-102,42,11938796065.730488,2348-04-29
-101,42,11938796048.583448,2348-04-29
-100,42,13931472743.022854,2411-06-21
-99,42,13931472837.459719,2411-06-21
-98,42,2475487805.7199717,2048-06-11
-97,42,2475487781.065589,2048-06-11
-96,42,2475487757.4728785,2048-06-11
-95,42,2475487734.9643307,2048-06-11
-94,42,2475487713.656621,2048-06-11
-93,42,2475487693.293263,2048-06-11
-92,42,2475487674.1788225,2048-06-11
-91,42,2475487656.244862,2048-06-11
-90,42,5800003487.317679,2153-10-17
-89,42,7432956202.278216,2205-07-17
-88,42,4093084397.2191095,2099-09-14
-87,42,4093084472.3808823,2099-09-14
-86,42,4093084548.189564,2099-09-14
-85,42,3899184935.035609,2093-07-23
-84,42,3899184916.592699,2093-07-23
-83,42,1712603656.8570569,2024-04-08
-82,42,1712603738.7928023,2024-04-08
-81,42,1712603820.1487885,2024-04-08
-80,42,1712603900.9859278,2024-04-08
-79,42,1712603981.1338737,2024-04-08
-78,42,3899184832.8034534,2093-07-23
-77,42,3899184823.5894623,2093-07-23
-76,42,3450161309.1026363,2079-05-01
-75,42,3450161286.5167603,2079-05-01
-74,42,3450161264.7843494,2079-05-01
-73,42,3450161243.9168305,2079-05-01
-72,42,3450161223.925911,2079-05-01
-71,42,3450161204.8239827,2079-05-01
-70,42,3450161186.7397113,2079-05-01
-69,42,3450161169.3282185,2079-05-01
-68,42,3450161152.9590054,2079-05-01
-67,42,3450161137.5247703,2079-05-01
-66,42,3450161123.0368986,2079-05-01
-125,43,4108406933.621286,2100-03-11
-124,43,4108406978.618829,2100-03-11
-123,43,2401491210.630745,2046-02-06
-122,43,2401491228.888421,2046-02-06
-121,43,2401491245.744133,2046-02-06
-120,43,2401491261.2107563,2046-02-06
-119,43,2401491275.301084,2046-02-06
-118,43,2401491287.997173,2046-02-06
-117,43,2401491299.40387,2046-02-06
-116,43,2401491309.441997,2046-02-06
-115,43,2401491318.155086,2046-02-06
-114,43,3613431228.3930035,2084-07-03
-113,43,3613431195.916253,2084-07-03
-112,43,13436487988.446714,2395-10-14
-111,43,13436488073.043922,2395-10-14
-110,43,7057828017.6564,2193-08-26
-109,43,11938796308.020987,2348-04-29
-108,43,11938796284.189411,2348-04-29
-107,43,11938796261.384506,2348-04-29
-106,43,11938796239.671005,2348-04-29
-105,43,4302353616.944956,2106-05-03
-104,43,4302353724.530933,2106-05-03
-103,43,4302353833.372951,2106-05-03
-102,43,4302353943.377463,2106-05-03
-101,43,4302354054.471651,2106-05-03
-100,43,7672801781.227228,2213-02-21
-99,43,6578242170.099136,2178-06-16
-98,43,6578242147.814968,2178-06-16
-97,43,6578242124.601938,2178-06-16
-96,43,6578242100.4747305,2178-06-16
-95,43,2475487816.873683,2048-06-11
-94,43,2475487796.3396163,2048-06-11
-93,43,2475487776.934813,2048-06-11
-92,43,2475487758.7144327,2048-06-11
-91,43,2475487741.6098785,2048-06-11
-90,43,2475487725.7397175,2048-06-11
-89,43,2475487711.09888,2048-06-11
-88,43,4093084363.7495265,2099-09-14
-87,43,4093084437.0915546,2099-09-14
-86,43,4093084511.086607,2099-09-14
-85,43,4468159456.069337,2111-08-04
-84,43,7432956555.491146,2205-07-17
-83,43,5516788045.5044565,2144-10-26
-82,43,3899184961.676985,2093-07-23
-81,43,3899184947.7722125,2093-07-23
-80,43,1712603933.4891512,2024-04-08
-79,43,1712604011.5302086,2024-04-08
-78,43,1712604088.8603866,2024-04-08
-77,43,1712604165.4271007,2024-04-08
-76,43,3899184898.484127,2093-07-23
-75,43,3899184892.8870945,2093-07-23
-74,43,8764738432.763802,2247-09-29
-73,43,3450161333.211136,2079-05-01
-72,43,3450161313.9597015,2079-05-01
-71,43,3450161295.593034,2079-05-01
-70,43,3450161278.1226397,2079-05-01
-69,43,3450161261.5601063,2079-05-01
-68,43,3450161245.956369,2079-05-01
-67,43,3450161231.2047286,2079-05-01
-66,43,3450161217.4332886,2079-05-01
-125,44,3404215379.016459,2077-11-15
-124,44,3404215393.765685,2077-11-15
-123,44,3404215409.9305944,2077-11-15
-122,44,3404215427.556369,2077-11-15
-121,44,3404215446.5776296,2077-11-15
-120,44,2401491232.7510834,2046-02-06
-119,44,2401491246.490337,2046-02-06
-118,44,2401491258.886689,2046-02-06
-117,44,2401491269.9528933,2046-02-06
-116,44,2401491279.7016635,2046-02-06
-115,44,2401491199.6353507,2046-02-06
-114,44,4108407331.2152267,2100-03-11
-113,44,4108407358.9796705,2100-03-11
-112,44,4108407385.2739153,2100-03-11
-111,44,4108407410.098766,2100-03-11
-110,44,4108407433.456153,2100-03-11
-109,44,11938796400.84933,2348-04-29
-108,44,11938796377.918295,2348-04-29
-107,44,11938796356.012558,2348-04-29
-106,44,11938796335.149988,2348-04-29
-105,44,11938796315.348728,2348-04-29
-104,44,7672801800.010228,2213-02-21
-103,44,7672801823.411027,2213-02-21
-102,44,4302354000.154826,2106-05-03
-101,44,4302354108.492963,2106-05-03
-100,44,4302354217.765957,2106-05-03
-99,44,4302354327.823698,2106-05-03
-98,44,4302354438.627483,2106-05-03
-97,44,4302354550.057335,2106-05-03
-96,44,5800003062.147626,2153-10-17
-95,44,5800003122.759207,2153-10-17
-94,44,5800003184.497637,2153-10-17
-93,44,2475487862.0521145,2048-06-11
-92,44,2475487844.663313,2048-06-11
-91,44,2475487828.449239,2048-06-11
-90,44,2475487813.449481,2048-06-11
-89,44,2475487799.645935,2048-06-11
-88,44,2475487787.108485,2048-06-11
-87,44,2475487775.849484,2048-06-11
-86,44,2475487765.8965707,2048-06-11
-85,44,5516787811.023129,2144-10-26
-84,44,5516787914.085616,2144-10-26
-83,44,5516788017.872662,2144-10-26
-82,44,2761261194.1025333,2057-07-02
-81,44,2761261161.721578,2057-07-02
-80,44,2761261128.4894514,2057-07-02
-79,44,2761261094.423291,2057-07-02
-78,44,1712604114.3176212,2024-04-08
-77,44,1712604188.8013854,2024-04-08
-76,44,1712604262.4712334,2024-04-08
-75,44,1712604335.2832704,2024-04-08
-74,44,1712604407.1834235,2024-04-08
-73,44,3899184972.415933,2093-07-23
-72,44,3899184972.062968,2093-07-23
-71,44,9379717607.347404,2267-03-26
-70,44,3450161370.617129,2079-05-01
-69,44,3450161354.779355,2079-05-01
-68,44,3450161339.856483,2079-05-01
-67,44,3450161325.8598986,2079-05-01
-66,44,3450161312.826656,2079-05-01
-125,45,3404215416.2321897,2077-11-15
-124,45,3404215430.754179,2077-11-15
-123,45,3404215446.673988,2077-11-15
-122,45,3404215464.007187,2077-11-15
-121,45,3404215482.7713175,2077-11-15
-120,45,3613431221.4091344,2084-07-03
-119,45,3613431195.9597454,2084-07-03
-118,45,3613431169.6083694,2084-07-03
-117,45,2401491237.8497887,2046-02-06
-116,45,2401491247.334267,2046-02-06
-115,45,4108407283.7400064,2100-03-11
-114,45,4108407312.0515404,2100-03-11
-113,45,4108407338.9292464,2100-03-11
-112,45,4108407364.3233957,2100-03-11
-111,45,4108407388.384138,2100-03-11
-110,45,4108407410.9644217,2100-03-11
-109,45,4108407432.1165905,2100-03-11
-108,45,4108407451.8444257,2100-03-11
-107,45,4108407470.1525135,2100-03-11
-106,45,4108407487.046206,2100-03-11
-105,45,4108407502.5317388,2100-03-11
-104,45,4108407516.615991,2100-03-11
-103,45,4108407529.306608,2100-03-11
-102,45,6578242069.0192175,2178-06-16
-101,45,6578242051.18053,2178-06-16
-100,45,6578242032.366671,2178-06-16
-99,45,4302354374.228557,2106-05-03
-98,45,4302354482.0608425,2106-05-03
-97,45,4302354590.458323,2106-05-03
-96,45,4302354699.388208,2106-05-03
-95,45,4093083838.671103,2099-09-14
-94,45,4093083902.834666,2099-09-14
-93,45,4093083967.899974,2099-09-14
-92,45,4093084033.8331103,2099-09-14
-91,45,2475487916.7423024,2048-06-11
-90,45,2475487902.5806007,2048-06-11
-89,45,2475487889.639372,2048-06-11
-88,45,2475487877.952692,2048-06-11
-87,45,2475487867.5222516,2048-06-11
-86,45,2475487858.399911,2048-06-11
-85,45,2475487850.6051435,2048-06-11
-84,45,2475487844.166434,2048-06-11
-83,45,2761261148.497832,2057-07-02
-82,45,2761261117.890353,2057-07-02
-81,45,2761261086.414403,2057-07-02
-80,45,2761261054.078509,2057-07-02
-79,45,2761261020.9263654,2057-07-02
-78,45,2761260986.9483156,2057-07-02
-77,45,2761260952.169265,2057-07-02
-76,45,3899185068.242772,2093-07-23
-75,45,1712604351.8173993,2024-04-08
-74,45,1712604421.690245,2024-04-08
-73,45,1712604490.6188593,2024-04-08
-72,45,1712604558.5606754,2024-04-08
-71,45,1712604625.470552,2024-04-08
-70,45,1712604691.3065658,2024-04-08
-69,45,3899185070.753239,2093-07-23
-68,45,3450161434.752247,2079-05-01
-67,45,3450161421.465294,2079-05-01
-66,45,3450161409.1104627,2079-05-01
-125,46,3404215456.0950594,2077-11-15
-124,46,3404215470.41367,2077-11-15
-123,46,3613431195.3754396,2084-07-03
-122,46,3613431173.6652374,2084-07-03
-121,46,3613431150.9945498,2084-07-03
-120,46,3613431127.3906946,2084-07-03
-119,46,3613431102.8696446,2084-07-03
-118,46,3613431077.4470105,2084-07-03
-117,46,13436487210.740612,2395-10-14
-116,46,13436487296.761108,2395-10-14
-115,46,12584309119.975998,2368-10-12
-114,46,7057827373.658565,2193-08-26
-113,46,4108407316.3041024,2100-03-11
-112,46,4108407340.9292355,2100-03-11
-111,46,4108407364.1573935,2100-03-11
-110,46,4108407385.990508,2100-03-11
-109,46,4108407406.4313545,2100-03-11
-108,46,4108407425.483555,2100-03-11
-107,46,2355529627.4238777,2044-08-23
-106,46,2355529610.35666,2044-08-23
-105,46,2355529592.406526,2044-08-23
-104,46,2355529573.5844193,2044-08-23
-103,46,4108407500.0948577,2100-03-11
-102,46,4108407510.9333024,2100-03-11
-101,46,4108407520.429006,2100-03-11
-100,46,4108407528.5911427,2100-03-11
-99,46,4108407535.429327,2100-03-11
-98,46,4108407540.9539,2100-03-11
-97,46,4093083704.148236,2099-09-14
-96,46,4093083764.6958857,2099-09-14
-95,46,4093083826.2057915,2099-09-14
-94,46,4093083888.6223106,2099-09-14
-93,46,4093083951.937759,2099-09-14
-92,46,4093084016.1119027,2099-09-14
-91,46,4302355266.577045,2106-05-03
-90,46,4302355372.758003,2106-05-03
-89,46,2475487981.0546474,2048-06-11
-88,46,2475487970.1958046,2048-06-11
-87,46,2475487960.6029778,2048-06-11
-86,46,2475487952.30771,2048-06-11
-85,46,2475487945.3223124,2048-06-11
-84,46,2475487939.6895123,2048-06-11
-83,46,2475487935.432927,2048-06-11
-82,46,2475487932.581846,2048-06-11
-81,46,2761261009.681164,2057-07-02
-80,46,2761260978.267011,2057-07-02
-79,46,2761260946.019268,2057-07-02
-78,46,2761260912.954712,2057-07-02
-77,46,7432957248.856566,2205-07-17
-76,46,7432957322.817421,2205-07-17
-75,46,7432957398.936582,2205-07-17
-74,46,3899185149.6636944,2093-07-23
-73,46,3899185149.06933,2093-07-23
-72,46,1712604566.519031,2024-04-08
-71,46,1712604631.4905152,2024-04-08
-70,46,1712604695.411995,2024-04-08
-69,46,1712604758.048147,2024-04-08
-68,46,1712604819.9523375,2024-04-08
-67,46,1712604880.4979353,2024-04-08
-66,46,1712604939.8474426,2024-04-08
-125,47,3613431135.941805,2084-07-03
-124,47,3613431117.0888796,2084-07-03
-123,47,3613431097.259577,2084-07-03
-122,47,3613431076.4637527,2084-07-03
-121,47,3613431054.7199965,2084-07-03
-120,47,3613431032.0442796,2084-07-03
-119,47,13436486930.706646,2395-10-14
-118,47,12584308883.464748,2368-10-12
-117,47,12584308964.805607,2368-10-12
-116,47,7057827113.45378,2193-08-26
-115,47,7057827202.005664,2193-08-26
-114,47,12584309219.35341,2368-10-12
-113,47,12584309307.63549,2368-10-12
-112,47,13482443369.029087,2397-03-29
-111,47,13482443444.73087,2397-03-29
-110,47,2355529574.4683414,2044-08-23
-109,47,2355529560.8309584,2044-08-23
-108,47,2355529546.284668,2044-08-23
-107,47,2355529530.8400526,2044-08-23
-106,47,2355529514.5078135,2044-08-23
-105,47,2355529497.298291,2044-08-23
-104,47,2355529479.2187676,2044-08-23
-103,47,2355529460.218951,2044-08-23
-102,47,4108407478.998131,2100-03-11
-101,47,4093083472.2127004,2099-09-14
-100,47,4093083527.039561,2099-09-14
-99,47,4093083582.9168677,2099-09-14
-98,47,4093083639.8188725,2099-09-14
-97,47,4093083697.7144346,2099-09-14
-96,47,4093083756.578489,2099-09-14
-95,47,4093083816.3809404,2099-09-14
-94,47,7672802499.944271,2213-02-21
-93,47,7672802542.995416,2213-02-21
-92,47,7672802587.899698,2213-02-21
-91,47,7672802634.81781,2213-02-21
-90,47,4302355387.597511,2106-05-03
-89,47,4302355490.269134,2106-05-03
-88,47,2761261120.223875,2057-07-02
-87,47,2475488055.062896,2048-06-11
-86,47,2475488047.574745,2048-06-11
-85,47,2475488041.3975105,2048-06-11
-84,47,2475488036.561166,2048-06-11
-83,47,2475488033.0851436,2048-06-11
-82,47,2475488031.006418,2048-06-11
-81,47,2475488030.3513823,2048-06-11
-80,47,2475488031.14993,2048-06-11
-79,47,4302356479.081231,2106-05-03
-78,47,4302356572.195793,2106-05-03
-77,47,4302356663.939533,2106-05-03
-76,47,4302356754.243609,2106-05-03
-75,47,4302356843.043329,2106-05-03
-74,47,18348045774.15336,2551-06-05
-73,47,7432957621.623002,2205-07-17
-72,47,7432957702.182091,2205-07-17
-71,47,3899185244.0606074,2093-07-23
-70,47,3899185248.6921253,2093-07-23
-69,47,3899185254.9186854,2093-07-23
-68,47,1712604817.955406,2024-04-08
-67,47,1712604876.7088592,2024-04-08
-66,47,1712604934.2995749,2024-04-08
-125,48,3613431034.6686068,2084-07-03
-124,48,3613431016.7367787,2084-07-03
-123,48,3613430997.826481,2084-07-03
-122,48,3613430977.954088,2084-07-03
-121,48,12584308676.938892,2368-10-12
-120,48,12584308751.106062,2368-10-12
-119,48,12584308827.03846,2368-10-12
-118,48,12584308904.804241,2368-10-12
-117,48,7057826950.158226,2193-08-26
-116,48,12584309065.274986,2368-10-12
-115,48,12584309148.106724,2368-10-12
-114,48,16237934867.528942,2484-07-23
-113,48,16237934865.759247,2484-07-23
-112,48,2355529497.9589596,2044-08-23
-111,48,2355529486.8624597,2044-08-23
-110,48,2355529474.843857,2044-08-23
-109,48,2355529461.913329,2044-08-23
-108,48,2355529448.0801315,2044-08-23
-107,48,2355529433.312358,2044-08-23
-106,48,2355529417.7291794,2044-08-23
-105,48,2355529401.27942,2044-08-23
-104,48,2355529383.9471054,2044-08-23
-103,48,2355529365.7646255,2044-08-23
-102,48,2355529346.7434855,2044-08-23
-101,48,4093083474.8668804,2099-09-14
-100,48,4093083528.020485,2099-09-14
-99,48,4093083582.3015018,2099-09-14
-98,48,4093083637.584244,2099-09-14
-97,48,4108407475.7057323,2100-03-11
-96,48,4108407478.150338,2100-03-11
-95,48,7672802586.037186,2213-02-21
-94,48,7672802627.289627,2213-02-21
-93,48,7672802670.339887,2213-02-21
-92,48,5516787101.17528,2144-10-26
-91,48,5516787188.906447,2144-10-26
-90,48,2761261077.824226,2057-07-02
-89,48,2761261056.525086,2057-07-02
-88,48,2761261034.2324686,2057-07-02
-87,48,2761261010.965888,2057-07-02
-86,48,2761260986.700238,2057-07-02
-85,48,2475488138.797465,2048-06-11
-84,48,2475488134.737982,2048-06-11
-83,48,2475488132.0329876,2048-06-11
-82,48,2475488130.711611,2048-06-11
-81,48,2475488130.7980313,2048-06-11
-80,48,2475488132.3254423,2048-06-11
-79,48,2475488135.3222075,2048-06-11
-78,48,2475488139.818582,2048-06-11
-77,48,4302356638.202799,2106-05-03
-76,48,4302356725.846056,2106-05-03
-75,48,4302356812.05613,2106-05-03
-74,48,4302356896.775486,2106-05-03
-73,48,4302356979.950412,2106-05-03
-72,48,4302357061.5312605,2106-05-03
-71,48,4302357141.472247,2106-05-03
-70,48,4302357219.731529,2106-05-03
-69,48,4302357296.271287,2106-05-03
-68,48,3899185357.263574,2093-07-23
-67,48,3899185367.265652,2093-07-23
-66,48,3899185378.937325,2093-07-23
-125,49,3613430932.1203394,2084-07-03
-124,49,3613430915.102528,2084-07-03
-123,49,3613430897.109425,2084-07-03
-122,49,4468154775.4367485,2111-08-04
-121,49,4468154876.246019,2111-08-04
-120,49,4468154978.912732,2111-08-04
-119,49,4468155083.356583,2111-08-04
-118,49,4468155189.490749,2111-08-04
-117,49,4468155297.222251,2111-08-04
-116,49,4468155406.451954,2111-08-04
-115,49,4468155517.075132,2111-08-04
-114,49,2355529414.1754675,2044-08-23
-113,49,2355529405.616069,2044-08-23
-112,49,2355529396.1234226,2044-08-23
-111,49,2355529385.707104,2044-08-23
-110,49,2355529374.367073,2044-08-23
-109,49,2355529362.103048,2044-08-23
-108,49,2355529349.017623,2044-08-23
-107,49,2355529335.0089684,2044-08-23
-106,49,2355529320.1264095,2044-08-23
-105,49,2355529304.380971,2044-08-23
-104,49,2355529287.7829523,2044-08-23
-103,49,2355529270.342693,2044-08-23
-102,49,2355529252.070573,2044-08-23
-101,49,4093083479.7311873,2099-09-14
-100,49,7672802533.52349,2213-02-21
-99,49,7672802566.038823,2213-02-21
-98,49,7672802600.288164,2213-02-21
-97,49,7672802636.278072,2213-02-21
-96,49,7672802674.013413,2213-02-21
-95,49,7672802713.497207,2213-02-21
-94,49,5516786933.945931,2144-10-26
-93,49,5516787017.395409,2144-10-26
-92,49,2761261026.3400955,2057-07-02
-91,49,2761261007.98236,2057-07-02
-90,49,2761260988.5954604,2057-07-02
-89,49,2761260968.1994734,2057-07-02
-88,49,2761260946.7836976,2057-07-02
-87,49,2761260924.4585323,2057-07-02
-86,49,2761260901.1517987,2057-07-02
-85,49,2761260876.91226,2057-07-02
-84,49,2761260851.758182,2057-07-02
-83,49,2475488232.2385597,2048-06-11
-82,49,2475488231.653529,2048-06-11
-81,49,2475488232.4646697,2048-06-11
-80,49,2475488234.7006264,2048-06-11
-79,49,2475488238.3884354,2048-06-11
-78,49,2475488243.559037,2048-06-11
-77,49,2475488250.2418814,2048-06-11
-76,49,2475488258.4674654,2048-06-11
-75,49,15143402550.32925,2449-11-15
-74,49,10471653099.829151,2301-11-01
-73,49,10471653186.30766,2301-11-01
-72,49,15143402710.518847,2449-11-15
-71,49,9379718268.684513,2267-03-26
-70,49,9379718315.332018,2267-03-26
-69,49,9379718363.258049,2267-03-26
-68,49,9379718412.4468,2267-03-26
-67,49,9379718462.881691,2267-03-26
-66,49,9379718514.54502,2267-03-26
-125,50,3613430828.3229547,2084-07-03
-124,50,4468154629.466549,2111-08-04
-123,50,4468154723.324458,2111-08-04
-122,50,4468154819.066848,2111-08-04
-121,50,4468154916.629385,2111-08-04
-120,50,4468155015.941982,2111-08-04
-119,50,4468155116.92872,2111-08-04
-118,50,4468155219.507967,2111-08-04
-117,50,4468155323.592657,2111-08-04
-116,50,2355529323.259686,2044-08-23
-115,50,2355529317.224354,2044-08-23
-114,50,2355529310.2468414,2044-08-23
-113,50,2355529302.3363233,2044-08-23
-112,50,2355529293.4874477,2044-08-23
-111,50,2355529283.741172,2044-08-23
-110,50,2355529273.103812,2044-08-23
-109,50,2355529261.558351,2044-08-23
-108,50,2355529249.128002,2044-08-23
-107,50,2355529235.822904,2044-08-23
-106,50,2355529221.653075,2044-08-23
-105,50,2355529206.628413,2044-08-23
-104,50,7672802546.87043,2213-02-21
-103,50,7672802572.850454,2213-02-21
-102,50,7672802600.48583,2213-02-21
-101,50,7672802629.787381,2213-02-21
-100,50,7672802660.764522,2213-02-21
-99,50,7672802693.425539,2213-02-21
-98,50,7672802727.776993,2213-02-21
-97,50,6488853892.950516,2175-08-16
-96,50,5516786781.09152,2144-10-26
-95,50,5516786860.243495,2144-10-26
-94,50,2761260965.6980186,2057-07-02
-93,50,2761260950.338778,2057-07-02
-92,50,2761260933.91525,2057-07-02
-91,50,2761260916.4480343,2057-07-02
-90,50,2761260897.941677,2057-07-02
-89,50,2761260878.4625235,2057-07-02
-88,50,2761260857.9834146,2057-07-02
-87,50,2761260836.538671,2057-07-02
-86,50,2761260814.1469193,2057-07-02
-85,50,6774623637.786153,2184-09-04
-84,50,6774623629.728462,2184-09-04
-83,50,6774623620.54034,2184-09-04
-82,50,6774623610.096623,2184-09-04
-81,50,2475488335.3084893,2048-06-11
-80,50,2475488338.229093,2048-06-11
-79,50,2475488342.584893,2048-06-11
-78,50,2475488348.404254,2048-06-11
-77,50,2475488355.71558,2048-06-11
-76,50,2475488364.5482826,2048-06-11
-75,50,2475488374.9326153,2048-06-11
-74,50,2475488386.898875,2048-06-11
-73,50,15143402540.372997,2449-11-15
-72,50,15143402591.374168,2449-11-15
-71,50,9379718398.978235,2267-03-26
-70,50,9379718445.354769,2267-03-26
-69,50,9379718492.976036,2267-03-26
-68,50,9379718541.826706,2267-03-26
-67,50,9379718591.89109,2267-03-26
-66,50,9379718643.1496315,2267-03-26
